Rank,Country,Continent,Population_millions,GDP_billion_USD,Year,Capital,Currency,Language,Area_sq_km,Timestamp
1,Canada,North America,1242,7549,2008,Ottawa,CAD,English,9984670,2000-01-01 00:00:00
2,Nigeria,Africa,1145,24626,2019,Abuja,NGN,English,923769,2000-01-02 00:00:00
3,Nigeria,Africa,786,9178,2001,Abuja,NGN,English,923769,2000-01-03 00:00:00
4,India,Asia,164,22606,2022,New Delhi,INR,Hindi,3287263,2000-01-04 00:00:00
5,Canada,North America,704,5739,2023,Ottawa,CAD,English,9984670,2000-01-05 00:00:00
6,India,Asia,680,13050,2006,New Delhi,INR,Hindi,3287263,2000-01-06 00:00:00
7,Germany,Europe,728,16255,2000,Berlin,EUR,German,357022,2000-01-07 00:00:00
8,USA,North America,982,17445,2013,Washington,USD,English,9833520,2000-01-08 00:00:00
9,Nigeria,Africa,485,16131,2016,Abuja,NGN,English,923769,2000-01-09 00:00:00
10,China,Asia,169,18991,2015,Beijing,CNY,Mandarin,9596961,2000-01-10 00:00:00
11,China,Asia,329,10987,2001,Beijing,CNY,Mandarin,9596961,2000-01-11 00:00:00
12,USA,North America,1397,16506,2011,Washington,USD,English,9833520,2000-01-12 00:00:00
13,China,Asia,960,15050,2015,Beijing,CNY,Mandarin,9596961,2000-01-13 00:00:00
14,Japan,Asia,462,14439,2023,Tokyo,JPY,Japanese,377975,2000-01-14 00:00:00
15,China,Asia,1062,4978,2020,Beijing,CNY,Mandarin,9596961,2000-01-15 00:00:00
16,Canada,North America,658,9337,2007,Ottawa,CAD,English,9984670,2000-01-16 00:00:00
17,Canada,North America,1136,20142,2009,Ottawa,CAD,English,9984670,2000-01-17 00:00:00
18,India,Asia,286,18557,2011,New Delhi,INR,Hindi,3287263,2000-01-18 00:00:00
19,Nigeria,Africa,354,24334,2012,Abuja,NGN,English,923769,2000-01-19 00:00:00
20,UK,Europe,536,19613,2012,London,GBP,English,243610,2000-01-20 00:00:00
21,France,Europe,682,11026,2013,Paris,EUR,French,551695,2000-01-21 00:00:00
22,France,Europe,822,801,2017,Paris,EUR,French,551695,2000-01-22 00:00:00
23,China,Asia,1000,169,2004,Beijing,CNY,Mandarin,9596961,2000-01-23 00:00:00
24,UK,Europe,948,19913,2021,London,GBP,English,243610,2000-01-24 00:00:00
25,USA,North America,1416,1006,2020,Washington,USD,English,9833520,2000-01-25 00:00:00
26,France,Europe,1386,2054,2011,Paris,EUR,French,551695,2000-01-26 00:00:00
27,UK,Europe,657,21519,2014,London,GBP,English,243610,2000-01-27 00:00:00
28,Canada,North America,232,10676,2018,Ottawa,CAD,English,9984670,2000-01-28 00:00:00
29,Germany,Europe,438,7858,2004,Berlin,EUR,German,357022,2000-01-29 00:00:00
30,China,Asia,990,18257,2015,Beijing,CNY,Mandarin,9596961,2000-01-30 00:00:00
31,UK,Europe,1156,10263,2002,London,GBP,English,243610,2000-01-31 00:00:00
32,Canada,North America,1305,8404,2019,Ottawa,CAD,English,9984670,2000-02-01 00:00:00
33,India,Asia,808,21255,2009,New Delhi,INR,Hindi,3287263,2000-02-02 00:00:00
34,Brazil,South America,413,9539,2008,Brasília,BRL,Portuguese,8515767,2000-02-03 00:00:00
35,Germany,Europe,444,10675,2005,Berlin,EUR,German,357022,2000-02-04 00:00:00
36,China,Asia,74,4034,2021,Beijing,CNY,Mandarin,9596961,2000-02-05 00:00:00
37,Nigeria,Africa,514,21492,2015,Abuja,NGN,English,923769,2000-02-06 00:00:00
38,Japan,Asia,290,13628,2004,Tokyo,JPY,Japanese,377975,2000-02-07 00:00:00
39,India,Asia,482,9274,2003,New Delhi,INR,Hindi,3287263,2000-02-08 00:00:00
40,Canada,North America,746,11769,2018,Ottawa,CAD,English,9984670,2000-02-09 00:00:00
41,Japan,Asia,476,6495,2016,Tokyo,JPY,Japanese,377975,2000-02-10 00:00:00
42,Canada,North America,1018,10438,2008,Ottawa,CAD,English,9984670,2000-02-11 00:00:00
43,USA,North America,698,16607,2002,Washington,USD,English,9833520,2000-02-12 00:00:00
44,India,Asia,797,594,2020,New Delhi,INR,Hindi,3287263,2000-02-13 00:00:00
45,USA,North America,1263,11854,2017,Washington,USD,English,9833520,2000-02-14 00:00:00
46,India,Asia,47,14427,2023,New Delhi,INR,Hindi,3287263,2000-02-15 00:00:00
47,USA,North America,1258,991,2010,Washington,USD,English,9833520,2000-02-16 00:00:00
48,Japan,Asia,561,16702,2006,Tokyo,JPY,Japanese,377975,2000-02-17 00:00:00
49,China,Asia,86,11609,2011,Beijing,CNY,Mandarin,9596961,2000-02-18 00:00:00
50,USA,North America,1017,22766,2008,Washington,USD,English,9833520,2000-02-19 00:00:00
51,France,Europe,985,19401,2005,Paris,EUR,French,551695,2000-02-20 00:00:00
52,China,Asia,660,9768,2019,Beijing,CNY,Mandarin,9596961,2000-02-21 00:00:00
53,Brazil,South America,769,24973,2006,Brasília,BRL,Portuguese,8515767,2000-02-22 00:00:00
54,Brazil,South America,289,14418,2002,Brasília,BRL,Portuguese,8515767,2000-02-23 00:00:00
55,Brazil,South America,1211,17175,2011,Brasília,BRL,Portuguese,8515767,2000-02-24 00:00:00
56,UK,Europe,25,8928,2002,London,GBP,English,243610,2000-02-25 00:00:00
57,Japan,Asia,107,20891,2012,Tokyo,JPY,Japanese,377975,2000-02-26 00:00:00
58,Japan,Asia,1289,14113,2012,Tokyo,JPY,Japanese,377975,2000-02-27 00:00:00
59,Germany,Europe,573,24686,2005,Berlin,EUR,German,357022,2000-02-28 00:00:00
60,China,Asia,491,6764,2017,Beijing,CNY,Mandarin,9596961,2000-02-29 00:00:00
61,France,Europe,1349,14659,2009,Paris,EUR,French,551695,2000-03-01 00:00:00
62,France,Europe,1295,15028,2000,Paris,EUR,French,551695,2000-03-02 00:00:00
63,Nigeria,Africa,780,17955,2017,Abuja,NGN,English,923769,2000-03-03 00:00:00
64,Canada,North America,210,1499,2008,Ottawa,CAD,English,9984670,2000-03-04 00:00:00
65,China,Asia,1145,7558,2011,Beijing,CNY,Mandarin,9596961,2000-03-05 00:00:00
66,India,Asia,1308,3486,2017,New Delhi,INR,Hindi,3287263,2000-03-06 00:00:00
67,India,Asia,143,10912,2009,New Delhi,INR,Hindi,3287263,2000-03-07 00:00:00
68,Canada,North America,880,3550,2002,Ottawa,CAD,English,9984670,2000-03-08 00:00:00
69,UK,Europe,910,8474,2013,London,GBP,English,243610,2000-03-09 00:00:00
70,Germany,Europe,978,24520,2005,Berlin,EUR,German,357022,2000-03-10 00:00:00
71,Japan,Asia,1032,22245,2021,Tokyo,JPY,Japanese,377975,2000-03-11 00:00:00
72,Japan,Asia,244,17145,2013,Tokyo,JPY,Japanese,377975,2000-03-12 00:00:00
73,Nigeria,Africa,882,12398,2013,Abuja,NGN,English,923769,2000-03-13 00:00:00
74,India,Asia,1037,3978,2000,New Delhi,INR,Hindi,3287263,2000-03-14 00:00:00
75,UK,Europe,232,7622,2007,London,GBP,English,243610,2000-03-15 00:00:00
76,Brazil,South America,1326,17465,2010,Brasília,BRL,Portuguese,8515767,2000-03-16 00:00:00
77,UK,Europe,963,13848,2006,London,GBP,English,243610,2000-03-17 00:00:00
78,India,Asia,431,18070,2004,New Delhi,INR,Hindi,3287263,2000-03-18 00:00:00
79,Germany,Europe,1179,8810,2005,Berlin,EUR,German,357022,2000-03-19 00:00:00
80,Japan,Asia,316,20733,2012,Tokyo,JPY,Japanese,377975,2000-03-20 00:00:00
81,Germany,Europe,1196,19563,2010,Berlin,EUR,German,357022,2000-03-21 00:00:00
82,Japan,Asia,1284,1624,2007,Tokyo,JPY,Japanese,377975,2000-03-22 00:00:00
83,Japan,Asia,953,12139,2008,Tokyo,JPY,Japanese,377975,2000-03-23 00:00:00
84,China,Asia,430,21100,2023,Beijing,CNY,Mandarin,9596961,2000-03-24 00:00:00
85,USA,North America,220,5167,2020,Washington,USD,English,9833520,2000-03-25 00:00:00
86,Canada,North America,1084,993,2017,Ottawa,CAD,English,9984670,2000-03-26 00:00:00
87,USA,North America,565,5885,2002,Washington,USD,English,9833520,2000-03-27 00:00:00
88,France,Europe,460,10489,2022,Paris,EUR,French,551695,2000-03-28 00:00:00
89,Japan,Asia,38,19326,2013,Tokyo,JPY,Japanese,377975,2000-03-29 00:00:00
90,Canada,North America,119,1750,2012,Ottawa,CAD,English,9984670,2000-03-30 00:00:00
91,Germany,Europe,482,18835,2002,Berlin,EUR,German,357022,2000-03-31 00:00:00
92,USA,North America,646,20294,2015,Washington,USD,English,9833520,2000-04-01 00:00:00
93,UK,Europe,1220,14991,2006,London,GBP,English,243610,2000-04-02 00:00:00
94,China,Asia,970,3025,2022,Beijing,CNY,Mandarin,9596961,2000-04-03 00:00:00
95,Nigeria,Africa,123,15461,2016,Abuja,NGN,English,923769,2000-04-04 00:00:00
96,Germany,Europe,1346,4339,2010,Berlin,EUR,German,357022,2000-04-05 00:00:00
97,Japan,Asia,1392,18467,2011,Tokyo,JPY,Japanese,377975,2000-04-06 00:00:00
98,India,Asia,304,24150,2003,New Delhi,INR,Hindi,3287263,2000-04-07 00:00:00
99,Germany,Europe,1140,2787,2001,Berlin,EUR,German,357022,2000-04-08 00:00:00
100,China,Asia,744,16265,2013,Beijing,CNY,Mandarin,9596961,2000-04-09 00:00:00
101,Canada,North America,1433,9177,2005,Ottawa,CAD,English,9984670,2000-04-10 00:00:00
102,Brazil,South America,112,8430,2000,Brasília,BRL,Portuguese,8515767,2000-04-11 00:00:00
103,Brazil,South America,752,19155,2021,Brasília,BRL,Portuguese,8515767,2000-04-12 00:00:00
104,Germany,Europe,336,8607,2009,Berlin,EUR,German,357022,2000-04-13 00:00:00
105,Germany,Europe,955,7412,2002,Berlin,EUR,German,357022,2000-04-14 00:00:00
106,Brazil,South America,1017,24150,2008,Brasília,BRL,Portuguese,8515767,2000-04-15 00:00:00
107,Brazil,South America,834,20490,2008,Brasília,BRL,Portuguese,8515767,2000-04-16 00:00:00
108,USA,North America,995,634,2013,Washington,USD,English,9833520,2000-04-17 00:00:00
109,USA,North America,761,20159,2016,Washington,USD,English,9833520,2000-04-18 00:00:00
110,France,Europe,1366,10854,2001,Paris,EUR,French,551695,2000-04-19 00:00:00
111,India,Asia,1300,16212,2022,New Delhi,INR,Hindi,3287263,2000-04-20 00:00:00
112,France,Europe,241,8877,2014,Paris,EUR,French,551695,2000-04-21 00:00:00
113,Brazil,South America,667,7257,2011,Brasília,BRL,Portuguese,8515767,2000-04-22 00:00:00
114,Germany,Europe,1412,17746,2002,Berlin,EUR,German,357022,2000-04-23 00:00:00
115,UK,Europe,131,515,2008,London,GBP,English,243610,2000-04-24 00:00:00
116,Brazil,South America,458,23468,2023,Brasília,BRL,Portuguese,8515767,2000-04-25 00:00:00
117,France,Europe,29,3726,2012,Paris,EUR,French,551695,2000-04-26 00:00:00
118,Brazil,South America,1220,1719,2010,Brasília,BRL,Portuguese,8515767,2000-04-27 00:00:00
119,France,Europe,1006,17342,2014,Paris,EUR,French,551695,2000-04-28 00:00:00
120,India,Asia,1115,22598,2021,New Delhi,INR,Hindi,3287263,2000-04-29 00:00:00
121,Brazil,South America,263,24286,2023,Brasília,BRL,Portuguese,8515767,2000-04-30 00:00:00
122,France,Europe,639,7123,2011,Paris,EUR,French,551695,2000-05-01 00:00:00
123,Brazil,South America,1136,22828,2005,Brasília,BRL,Portuguese,8515767,2000-05-02 00:00:00
124,UK,Europe,1257,4460,2001,London,GBP,English,243610,2000-05-03 00:00:00
125,Germany,Europe,772,4534,2016,Berlin,EUR,German,357022,2000-05-04 00:00:00
126,UK,Europe,903,6424,2004,London,GBP,English,243610,2000-05-05 00:00:00
127,Brazil,South America,562,578,2017,Brasília,BRL,Portuguese,8515767,2000-05-06 00:00:00
128,France,Europe,178,3925,2021,Paris,EUR,French,551695,2000-05-07 00:00:00
129,Canada,North America,507,1868,2010,Ottawa,CAD,English,9984670,2000-05-08 00:00:00
130,Canada,North America,1445,17576,2006,Ottawa,CAD,English,9984670,2000-05-09 00:00:00
131,India,Asia,1162,2047,2020,New Delhi,INR,Hindi,3287263,2000-05-10 00:00:00
132,Japan,Asia,873,1764,2013,Tokyo,JPY,Japanese,377975,2000-05-11 00:00:00
133,India,Asia,873,19200,2008,New Delhi,INR,Hindi,3287263,2000-05-12 00:00:00
134,France,Europe,737,15200,2003,Paris,EUR,French,551695,2000-05-13 00:00:00
135,China,Asia,876,13851,2002,Beijing,CNY,Mandarin,9596961,2000-05-14 00:00:00
136,France,Europe,1467,12177,2004,Paris,EUR,French,551695,2000-05-15 00:00:00
137,China,Asia,672,7828,2006,Beijing,CNY,Mandarin,9596961,2000-05-16 00:00:00
138,India,Asia,1113,20901,2021,New Delhi,INR,Hindi,3287263,2000-05-17 00:00:00
139,USA,North America,1360,6729,2009,Washington,USD,English,9833520,2000-05-18 00:00:00
140,Brazil,South America,1054,22673,2010,Brasília,BRL,Portuguese,8515767,2000-05-19 00:00:00
141,France,Europe,602,432,2017,Paris,EUR,French,551695,2000-05-20 00:00:00
142,Brazil,South America,1202,11935,2005,Brasília,BRL,Portuguese,8515767,2000-05-21 00:00:00
143,China,Asia,707,4959,2010,Beijing,CNY,Mandarin,9596961,2000-05-22 00:00:00
144,Canada,North America,468,18240,2005,Ottawa,CAD,English,9984670,2000-05-23 00:00:00
145,China,Asia,708,23228,2016,Beijing,CNY,Mandarin,9596961,2000-05-24 00:00:00
146,USA,North America,358,10205,2023,Washington,USD,English,9833520,2000-05-25 00:00:00
147,China,Asia,507,17505,2017,Beijing,CNY,Mandarin,9596961,2000-05-26 00:00:00
148,France,Europe,1343,20587,2020,Paris,EUR,French,551695,2000-05-27 00:00:00
149,India,Asia,1483,12349,2018,New Delhi,INR,Hindi,3287263,2000-05-28 00:00:00
150,UK,Europe,881,7937,2014,London,GBP,English,243610,2000-05-29 00:00:00
151,France,Europe,334,4870,2015,Paris,EUR,French,551695,2000-05-30 00:00:00
152,UK,Europe,1259,24794,2006,London,GBP,English,243610,2000-05-31 00:00:00
153,Nigeria,Africa,71,20116,2014,Abuja,NGN,English,923769,2000-06-01 00:00:00
154,Canada,North America,1242,9434,2018,Ottawa,CAD,English,9984670,2000-06-02 00:00:00
155,USA,North America,549,953,2014,Washington,USD,English,9833520,2000-06-03 00:00:00
156,UK,Europe,1307,8253,2018,London,GBP,English,243610,2000-06-04 00:00:00
157,India,Asia,325,285,2000,New Delhi,INR,Hindi,3287263,2000-06-05 00:00:00
158,China,Asia,789,3199,2009,Beijing,CNY,Mandarin,9596961,2000-06-06 00:00:00
159,UK,Europe,493,24848,2018,London,GBP,English,243610,2000-06-07 00:00:00
160,Brazil,South America,161,16996,2009,Brasília,BRL,Portuguese,8515767,2000-06-08 00:00:00
161,China,Asia,492,19654,2000,Beijing,CNY,Mandarin,9596961,2000-06-09 00:00:00
162,France,Europe,979,3992,2017,Paris,EUR,French,551695,2000-06-10 00:00:00
163,Japan,Asia,922,9625,2006,Tokyo,JPY,Japanese,377975,2000-06-11 00:00:00
164,USA,North America,557,10285,2013,Washington,USD,English,9833520,2000-06-12 00:00:00
165,China,Asia,1256,12742,2003,Beijing,CNY,Mandarin,9596961,2000-06-13 00:00:00
166,Japan,Asia,713,5979,2017,Tokyo,JPY,Japanese,377975,2000-06-14 00:00:00
167,Brazil,South America,559,7273,2002,Brasília,BRL,Portuguese,8515767,2000-06-15 00:00:00
168,Brazil,South America,93,17312,2020,Brasília,BRL,Portuguese,8515767,2000-06-16 00:00:00
169,China,Asia,1110,12730,2000,Beijing,CNY,Mandarin,9596961,2000-06-17 00:00:00
170,UK,Europe,753,20791,2020,London,GBP,English,243610,2000-06-18 00:00:00
171,Canada,North America,156,9524,2015,Ottawa,CAD,English,9984670,2000-06-19 00:00:00
172,India,Asia,454,169,2000,New Delhi,INR,Hindi,3287263,2000-06-20 00:00:00
173,UK,Europe,156,6098,2014,London,GBP,English,243610,2000-06-21 00:00:00
174,Nigeria,Africa,1059,7378,2000,Abuja,NGN,English,923769,2000-06-22 00:00:00
175,Nigeria,Africa,1230,19799,2008,Abuja,NGN,English,923769,2000-06-23 00:00:00
176,China,Asia,1488,5944,2004,Beijing,CNY,Mandarin,9596961,2000-06-24 00:00:00
177,India,Asia,373,17053,2006,New Delhi,INR,Hindi,3287263,2000-06-25 00:00:00
178,France,Europe,1361,6437,2006,Paris,EUR,French,551695,2000-06-26 00:00:00
179,France,Europe,180,4980,2016,Paris,EUR,French,551695,2000-06-27 00:00:00
180,USA,North America,128,12013,2000,Washington,USD,English,9833520,2000-06-28 00:00:00
181,China,Asia,731,1078,2008,Beijing,CNY,Mandarin,9596961,2000-06-29 00:00:00
182,China,Asia,178,1308,2011,Beijing,CNY,Mandarin,9596961,2000-06-30 00:00:00
183,India,Asia,129,5123,2020,New Delhi,INR,Hindi,3287263,2000-07-01 00:00:00
184,India,Asia,303,22859,2010,New Delhi,INR,Hindi,3287263,2000-07-02 00:00:00
185,USA,North America,550,129,2019,Washington,USD,English,9833520,2000-07-03 00:00:00
186,Germany,Europe,567,20881,2013,Berlin,EUR,German,357022,2000-07-04 00:00:00
187,Brazil,South America,307,5916,2014,Brasília,BRL,Portuguese,8515767,2000-07-05 00:00:00
188,Japan,Asia,553,4143,2011,Tokyo,JPY,Japanese,377975,2000-07-06 00:00:00
189,UK,Europe,1355,23936,2010,London,GBP,English,243610,2000-07-07 00:00:00
190,USA,North America,899,1634,2006,Washington,USD,English,9833520,2000-07-08 00:00:00
191,Canada,North America,707,15666,2020,Ottawa,CAD,English,9984670,2000-07-09 00:00:00
192,Canada,North America,960,6908,2019,Ottawa,CAD,English,9984670,2000-07-10 00:00:00
193,Brazil,South America,1369,20536,2021,Brasília,BRL,Portuguese,8515767,2000-07-11 00:00:00
194,Canada,North America,844,3535,2012,Ottawa,CAD,English,9984670,2000-07-12 00:00:00
195,Nigeria,Africa,848,10574,2020,Abuja,NGN,English,923769,2000-07-13 00:00:00
196,Germany,Europe,982,6963,2005,Berlin,EUR,German,357022,2000-07-14 00:00:00
197,Brazil,South America,62,15697,2023,Brasília,BRL,Portuguese,8515767,2000-07-15 00:00:00
198,USA,North America,672,448,2019,Washington,USD,English,9833520,2000-07-16 00:00:00
199,Germany,Europe,362,6233,2016,Berlin,EUR,German,357022,2000-07-17 00:00:00
200,Canada,North America,505,149,2022,Ottawa,CAD,English,9984670,2000-07-18 00:00:00
201,Germany,Europe,1474,4412,2003,Berlin,EUR,German,357022,2000-07-19 00:00:00
202,Japan,Asia,1169,10951,2023,Tokyo,JPY,Japanese,377975,2000-07-20 00:00:00
203,Brazil,South America,1338,12282,2021,Brasília,BRL,Portuguese,8515767,2000-07-21 00:00:00
204,Germany,Europe,914,17956,2015,Berlin,EUR,German,357022,2000-07-22 00:00:00
205,USA,North America,809,13779,2022,Washington,USD,English,9833520,2000-07-23 00:00:00
206,France,Europe,850,14172,2003,Paris,EUR,French,551695,2000-07-24 00:00:00
207,Nigeria,Africa,901,9209,2000,Abuja,NGN,English,923769,2000-07-25 00:00:00
208,Canada,North America,775,15813,2011,Ottawa,CAD,English,9984670,2000-07-26 00:00:00
209,India,Asia,410,6248,2003,New Delhi,INR,Hindi,3287263,2000-07-27 00:00:00
210,Canada,North America,201,13628,2002,Ottawa,CAD,English,9984670,2000-07-28 00:00:00
211,Germany,Europe,1122,13348,2009,Berlin,EUR,German,357022,2000-07-29 00:00:00
212,Nigeria,Africa,1149,14663,2018,Abuja,NGN,English,923769,2000-07-30 00:00:00
213,France,Europe,882,8151,2004,Paris,EUR,French,551695,2000-07-31 00:00:00
214,Brazil,South America,855,7765,2005,Brasília,BRL,Portuguese,8515767,2000-08-01 00:00:00
215,Germany,Europe,116,9550,2008,Berlin,EUR,German,357022,2000-08-02 00:00:00
216,India,Asia,1028,24560,2019,New Delhi,INR,Hindi,3287263,2000-08-03 00:00:00
217,Brazil,South America,1082,7971,2000,Brasília,BRL,Portuguese,8515767,2000-08-04 00:00:00
218,USA,North America,30,1103,2019,Washington,USD,English,9833520,2000-08-05 00:00:00
219,France,Europe,368,11774,2001,Paris,EUR,French,551695,2000-08-06 00:00:00
220,France,Europe,1240,13378,2003,Paris,EUR,French,551695,2000-08-07 00:00:00
221,USA,North America,1421,3154,2019,Washington,USD,English,9833520,2000-08-08 00:00:00
222,Germany,Europe,259,2286,2001,Berlin,EUR,German,357022,2000-08-09 00:00:00
223,Germany,Europe,1094,3184,2003,Berlin,EUR,German,357022,2000-08-10 00:00:00
224,France,Europe,1001,10792,2008,Paris,EUR,French,551695,2000-08-11 00:00:00
225,UK,Europe,389,22405,2008,London,GBP,English,243610,2000-08-12 00:00:00
226,USA,North America,677,17203,2005,Washington,USD,English,9833520,2000-08-13 00:00:00
227,Germany,Europe,263,5596,2010,Berlin,EUR,German,357022,2000-08-14 00:00:00
228,India,Asia,770,18073,2007,New Delhi,INR,Hindi,3287263,2000-08-15 00:00:00
229,USA,North America,1355,5989,2003,Washington,USD,English,9833520,2000-08-16 00:00:00
230,USA,North America,1152,18160,2022,Washington,USD,English,9833520,2000-08-17 00:00:00
231,UK,Europe,1367,16681,2020,London,GBP,English,243610,2000-08-18 00:00:00
232,Canada,North America,133,12768,2000,Ottawa,CAD,English,9984670,2000-08-19 00:00:00
233,UK,Europe,596,6540,2017,London,GBP,English,243610,2000-08-20 00:00:00
234,China,Asia,162,18672,2006,Beijing,CNY,Mandarin,9596961,2000-08-21 00:00:00
235,France,Europe,1177,15127,2023,Paris,EUR,French,551695,2000-08-22 00:00:00
236,UK,Europe,296,7375,2009,London,GBP,English,243610,2000-08-23 00:00:00
237,Canada,North America,973,3407,2003,Ottawa,CAD,English,9984670,2000-08-24 00:00:00
238,India,Asia,122,10760,2005,New Delhi,INR,Hindi,3287263,2000-08-25 00:00:00
239,China,Asia,1348,20585,2004,Beijing,CNY,Mandarin,9596961,2000-08-26 00:00:00
240,India,Asia,1446,19513,2011,New Delhi,INR,Hindi,3287263,2000-08-27 00:00:00
241,France,Europe,301,18153,2000,Paris,EUR,French,551695,2000-08-28 00:00:00
242,India,Asia,826,22027,2001,New Delhi,INR,Hindi,3287263,2000-08-29 00:00:00
243,Japan,Asia,213,6691,2007,Tokyo,JPY,Japanese,377975,2000-08-30 00:00:00
244,China,Asia,1011,9377,2001,Beijing,CNY,Mandarin,9596961,2000-08-31 00:00:00
245,India,Asia,945,6924,2020,New Delhi,INR,Hindi,3287263,2000-09-01 00:00:00
246,Canada,North America,1038,2254,2023,Ottawa,CAD,English,9984670,2000-09-02 00:00:00
247,India,Asia,12,14998,2002,New Delhi,INR,Hindi,3287263,2000-09-03 00:00:00
248,France,Europe,51,16040,2001,Paris,EUR,French,551695,2000-09-04 00:00:00
249,Brazil,South America,1298,2932,2002,Brasília,BRL,Portuguese,8515767,2000-09-05 00:00:00
250,France,Europe,482,14920,2011,Paris,EUR,French,551695,2000-09-06 00:00:00
251,USA,North America,1144,9676,2023,Washington,USD,English,9833520,2000-09-07 00:00:00
252,Japan,Asia,1363,15654,2012,Tokyo,JPY,Japanese,377975,2000-09-08 00:00:00
253,Canada,North America,490,19835,2007,Ottawa,CAD,English,9984670,2000-09-09 00:00:00
254,France,Europe,1445,24015,2011,Paris,EUR,French,551695,2000-09-10 00:00:00
255,UK,Europe,481,2094,2010,London,GBP,English,243610,2000-09-11 00:00:00
256,France,Europe,545,1765,2004,Paris,EUR,French,551695,2000-09-12 00:00:00
257,India,Asia,799,19804,2008,New Delhi,INR,Hindi,3287263,2000-09-13 00:00:00
258,India,Asia,1255,9630,2005,New Delhi,INR,Hindi,3287263,2000-09-14 00:00:00
259,Brazil,South America,1196,16352,2022,Brasília,BRL,Portuguese,8515767,2000-09-15 00:00:00
260,USA,North America,467,9201,2014,Washington,USD,English,9833520,2000-09-16 00:00:00
261,USA,North America,570,22167,2008,Washington,USD,English,9833520,2000-09-17 00:00:00
262,Nigeria,Africa,133,686,2014,Abuja,NGN,English,923769,2000-09-18 00:00:00
263,Canada,North America,41,13348,2011,Ottawa,CAD,English,9984670,2000-09-19 00:00:00
264,China,Asia,1018,14562,2002,Beijing,CNY,Mandarin,9596961,2000-09-20 00:00:00
265,UK,Europe,1006,5527,2004,London,GBP,English,243610,2000-09-21 00:00:00
266,India,Asia,638,18479,2005,New Delhi,INR,Hindi,3287263,2000-09-22 00:00:00
267,Canada,North America,308,13914,2020,Ottawa,CAD,English,9984670,2000-09-23 00:00:00
268,India,Asia,1288,6154,2021,New Delhi,INR,Hindi,3287263,2000-09-24 00:00:00
269,UK,Europe,798,8778,2002,London,GBP,English,243610,2000-09-25 00:00:00
270,Canada,North America,716,2706,2007,Ottawa,CAD,English,9984670,2000-09-26 00:00:00
271,USA,North America,80,23337,2015,Washington,USD,English,9833520,2000-09-27 00:00:00
272,China,Asia,372,4712,2001,Beijing,CNY,Mandarin,9596961,2000-09-28 00:00:00
273,India,Asia,1079,12701,2020,New Delhi,INR,Hindi,3287263,2000-09-29 00:00:00
274,Canada,North America,1491,13544,2018,Ottawa,CAD,English,9984670,2000-09-30 00:00:00
275,Japan,Asia,321,15917,2020,Tokyo,JPY,Japanese,377975,2000-10-01 00:00:00
276,UK,Europe,196,18818,2004,London,GBP,English,243610,2000-10-02 00:00:00
277,UK,Europe,1451,21889,2006,London,GBP,English,243610,2000-10-03 00:00:00
278,Japan,Asia,263,13288,2017,Tokyo,JPY,Japanese,377975,2000-10-04 00:00:00
279,Japan,Asia,444,3001,2016,Tokyo,JPY,Japanese,377975,2000-10-05 00:00:00
280,USA,North America,769,23056,2018,Washington,USD,English,9833520,2000-10-06 00:00:00
281,India,Asia,805,6697,2018,New Delhi,INR,Hindi,3287263,2000-10-07 00:00:00
282,India,Asia,871,23140,2019,New Delhi,INR,Hindi,3287263,2000-10-08 00:00:00
283,Canada,North America,108,14292,2017,Ottawa,CAD,English,9984670,2000-10-09 00:00:00
284,Nigeria,Africa,448,6022,2012,Abuja,NGN,English,923769,2000-10-10 00:00:00
285,China,Asia,515,10336,2012,Beijing,CNY,Mandarin,9596961,2000-10-11 00:00:00
286,Brazil,South America,338,24869,2004,Brasília,BRL,Portuguese,8515767,2000-10-12 00:00:00
287,UK,Europe,1175,8754,2010,London,GBP,English,243610,2000-10-13 00:00:00
288,USA,North America,486,1882,2000,Washington,USD,English,9833520,2000-10-14 00:00:00
289,UK,Europe,1343,6687,2006,London,GBP,English,243610,2000-10-15 00:00:00
290,UK,Europe,424,16566,2010,London,GBP,English,243610,2000-10-16 00:00:00
291,UK,Europe,476,7197,2023,London,GBP,English,243610,2000-10-17 00:00:00
292,Nigeria,Africa,1411,15493,2005,Abuja,NGN,English,923769,2000-10-18 00:00:00
293,Japan,Asia,688,5099,2003,Tokyo,JPY,Japanese,377975,2000-10-19 00:00:00
294,China,Asia,1477,10239,2003,Beijing,CNY,Mandarin,9596961,2000-10-20 00:00:00
295,Japan,Asia,595,5860,2010,Tokyo,JPY,Japanese,377975,2000-10-21 00:00:00
296,Germany,Europe,1105,16830,2009,Berlin,EUR,German,357022,2000-10-22 00:00:00
297,China,Asia,603,6129,2000,Beijing,CNY,Mandarin,9596961,2000-10-23 00:00:00
298,UK,Europe,991,12980,2022,London,GBP,English,243610,2000-10-24 00:00:00
299,India,Asia,160,19306,2005,New Delhi,INR,Hindi,3287263,2000-10-25 00:00:00
300,Germany,Europe,887,6890,2006,Berlin,EUR,German,357022,2000-10-26 00:00:00
301,Nigeria,Africa,814,1359,2007,Abuja,NGN,English,923769,2000-10-27 00:00:00
302,Brazil,South America,152,21262,2019,Brasília,BRL,Portuguese,8515767,2000-10-28 00:00:00
303,India,Asia,722,13039,2013,New Delhi,INR,Hindi,3287263,2000-10-29 00:00:00
304,China,Asia,696,1428,2019,Beijing,CNY,Mandarin,9596961,2000-10-30 00:00:00
305,China,Asia,44,9657,2020,Beijing,CNY,Mandarin,9596961,2000-10-31 00:00:00
306,Japan,Asia,240,6891,2007,Tokyo,JPY,Japanese,377975,2000-11-01 00:00:00
307,China,Asia,1083,22529,2011,Beijing,CNY,Mandarin,9596961,2000-11-02 00:00:00
308,France,Europe,1361,14372,2001,Paris,EUR,French,551695,2000-11-03 00:00:00
309,Brazil,South America,201,23500,2006,Brasília,BRL,Portuguese,8515767,2000-11-04 00:00:00
310,USA,North America,593,23120,2016,Washington,USD,English,9833520,2000-11-05 00:00:00
311,Nigeria,Africa,839,20722,2018,Abuja,NGN,English,923769,2000-11-06 00:00:00
312,Japan,Asia,1058,15664,2010,Tokyo,JPY,Japanese,377975,2000-11-07 00:00:00
313,UK,Europe,1120,20167,2005,London,GBP,English,243610,2000-11-08 00:00:00
314,Canada,North America,1428,15966,2017,Ottawa,CAD,English,9984670,2000-11-09 00:00:00
315,Canada,North America,400,8269,2010,Ottawa,CAD,English,9984670,2000-11-10 00:00:00
316,India,Asia,1481,10892,2002,New Delhi,INR,Hindi,3287263,2000-11-11 00:00:00
317,Nigeria,Africa,834,6288,2003,Abuja,NGN,English,923769,2000-11-12 00:00:00
318,USA,North America,607,22713,2000,Washington,USD,English,9833520,2000-11-13 00:00:00
319,Japan,Asia,1044,6853,2011,Tokyo,JPY,Japanese,377975,2000-11-14 00:00:00
320,Brazil,South America,350,7334,2000,Brasília,BRL,Portuguese,8515767,2000-11-15 00:00:00
321,UK,Europe,1166,11146,2017,London,GBP,English,243610,2000-11-16 00:00:00
322,Brazil,South America,1443,2250,2021,Brasília,BRL,Portuguese,8515767,2000-11-17 00:00:00
323,USA,North America,1065,14723,2005,Washington,USD,English,9833520,2000-11-18 00:00:00
324,Brazil,South America,926,22813,2011,Brasília,BRL,Portuguese,8515767,2000-11-19 00:00:00
325,USA,North America,1362,10517,2007,Washington,USD,English,9833520,2000-11-20 00:00:00
326,Germany,Europe,868,9675,2015,Berlin,EUR,German,357022,2000-11-21 00:00:00
327,USA,North America,662,13541,2013,Washington,USD,English,9833520,2000-11-22 00:00:00
328,UK,Europe,717,5394,2015,London,GBP,English,243610,2000-11-23 00:00:00
329,Brazil,South America,1037,23403,2001,Brasília,BRL,Portuguese,8515767,2000-11-24 00:00:00
330,Nigeria,Africa,339,21103,2014,Abuja,NGN,English,923769,2000-11-25 00:00:00
331,France,Europe,1466,9142,2016,Paris,EUR,French,551695,2000-11-26 00:00:00
332,Germany,Europe,913,17311,2009,Berlin,EUR,German,357022,2000-11-27 00:00:00
333,Brazil,South America,804,14833,2012,Brasília,BRL,Portuguese,8515767,2000-11-28 00:00:00
334,Brazil,South America,698,7381,2004,Brasília,BRL,Portuguese,8515767,2000-11-29 00:00:00
335,Canada,North America,1060,19402,2001,Ottawa,CAD,English,9984670,2000-11-30 00:00:00
336,China,Asia,1233,10924,2001,Beijing,CNY,Mandarin,9596961,2000-12-01 00:00:00
337,Brazil,South America,637,17141,2019,Brasília,BRL,Portuguese,8515767,2000-12-02 00:00:00
338,Nigeria,Africa,689,1681,2014,Abuja,NGN,English,923769,2000-12-03 00:00:00
339,Germany,Europe,378,19428,2010,Berlin,EUR,German,357022,2000-12-04 00:00:00
340,India,Asia,1159,5633,2007,New Delhi,INR,Hindi,3287263,2000-12-05 00:00:00
341,Japan,Asia,628,24513,2019,Tokyo,JPY,Japanese,377975,2000-12-06 00:00:00
342,USA,North America,1005,24067,2011,Washington,USD,English,9833520,2000-12-07 00:00:00
343,UK,Europe,1022,16595,2004,London,GBP,English,243610,2000-12-08 00:00:00
344,Canada,North America,1409,7862,2004,Ottawa,CAD,English,9984670,2000-12-09 00:00:00
345,Japan,Asia,555,10416,2001,Tokyo,JPY,Japanese,377975,2000-12-10 00:00:00
346,Nigeria,Africa,916,8827,2019,Abuja,NGN,English,923769,2000-12-11 00:00:00
347,France,Europe,518,16408,2021,Paris,EUR,French,551695,2000-12-12 00:00:00
348,Nigeria,Africa,314,22213,2011,Abuja,NGN,English,923769,2000-12-13 00:00:00
349,Nigeria,Africa,389,13024,2009,Abuja,NGN,English,923769,2000-12-14 00:00:00
350,Japan,Asia,1459,2249,2013,Tokyo,JPY,Japanese,377975,2000-12-15 00:00:00
351,Germany,Europe,1071,14591,2010,Berlin,EUR,German,357022,2000-12-16 00:00:00
352,Brazil,South America,1130,1509,2021,Brasília,BRL,Portuguese,8515767,2000-12-17 00:00:00
353,Germany,Europe,590,1017,2018,Berlin,EUR,German,357022,2000-12-18 00:00:00
354,Nigeria,Africa,340,8977,2011,Abuja,NGN,English,923769,2000-12-19 00:00:00
355,Japan,Asia,1390,22493,2003,Tokyo,JPY,Japanese,377975,2000-12-20 00:00:00
356,USA,North America,1115,16609,2022,Washington,USD,English,9833520,2000-12-21 00:00:00
357,UK,Europe,1070,21281,2019,London,GBP,English,243610,2000-12-22 00:00:00
358,Canada,North America,274,13066,2022,Ottawa,CAD,English,9984670,2000-12-23 00:00:00
359,China,Asia,78,9463,2004,Beijing,CNY,Mandarin,9596961,2000-12-24 00:00:00
360,USA,North America,1081,7247,2011,Washington,USD,English,9833520,2000-12-25 00:00:00
361,India,Asia,1352,8202,2005,New Delhi,INR,Hindi,3287263,2000-12-26 00:00:00
362,Brazil,South America,136,5889,2002,Brasília,BRL,Portuguese,8515767,2000-12-27 00:00:00
363,Nigeria,Africa,506,12997,2021,Abuja,NGN,English,923769,2000-12-28 00:00:00
364,Brazil,South America,963,1843,2001,Brasília,BRL,Portuguese,8515767,2000-12-29 00:00:00
365,USA,North America,1271,272,2022,Washington,USD,English,9833520,2000-12-30 00:00:00
366,Nigeria,Africa,1429,5687,2022,Abuja,NGN,English,923769,2000-12-31 00:00:00
367,UK,Europe,1164,8058,2020,London,GBP,English,243610,2001-01-01 00:00:00
368,Nigeria,Africa,1355,4445,2005,Abuja,NGN,English,923769,2001-01-02 00:00:00
369,India,Asia,1334,9509,2018,New Delhi,INR,Hindi,3287263,2001-01-03 00:00:00
370,India,Asia,489,13566,2019,New Delhi,INR,Hindi,3287263,2001-01-04 00:00:00
371,India,Asia,937,14203,2012,New Delhi,INR,Hindi,3287263,2001-01-05 00:00:00
372,Japan,Asia,644,18639,2004,Tokyo,JPY,Japanese,377975,2001-01-06 00:00:00
373,Germany,Europe,608,13898,2003,Berlin,EUR,German,357022,2001-01-07 00:00:00
374,France,Europe,685,18252,2022,Paris,EUR,French,551695,2001-01-08 00:00:00
375,UK,Europe,108,17456,2022,London,GBP,English,243610,2001-01-09 00:00:00
376,Canada,North America,1331,5836,2011,Ottawa,CAD,English,9984670,2001-01-10 00:00:00
377,France,Europe,575,6602,2010,Paris,EUR,French,551695,2001-01-11 00:00:00
378,Japan,Asia,590,14778,2021,Tokyo,JPY,Japanese,377975,2001-01-12 00:00:00
379,Japan,Asia,1432,2886,2019,Tokyo,JPY,Japanese,377975,2001-01-13 00:00:00
380,France,Europe,335,20702,2000,Paris,EUR,French,551695,2001-01-14 00:00:00
381,India,Asia,1156,20102,2005,New Delhi,INR,Hindi,3287263,2001-01-15 00:00:00
382,Canada,North America,720,7411,2023,Ottawa,CAD,English,9984670,2001-01-16 00:00:00
383,Nigeria,Africa,1086,23859,2010,Abuja,NGN,English,923769,2001-01-17 00:00:00
384,China,Asia,713,20269,2003,Beijing,CNY,Mandarin,9596961,2001-01-18 00:00:00
385,France,Europe,1446,10328,2014,Paris,EUR,French,551695,2001-01-19 00:00:00
386,UK,Europe,369,21132,2021,London,GBP,English,243610,2001-01-20 00:00:00
387,Nigeria,Africa,956,14380,2010,Abuja,NGN,English,923769,2001-01-21 00:00:00
388,Brazil,South America,342,18816,2001,Brasília,BRL,Portuguese,8515767,2001-01-22 00:00:00
389,Brazil,South America,911,15653,2001,Brasília,BRL,Portuguese,8515767,2001-01-23 00:00:00
390,India,Asia,28,16387,2004,New Delhi,INR,Hindi,3287263,2001-01-24 00:00:00
391,China,Asia,1159,7187,2023,Beijing,CNY,Mandarin,9596961,2001-01-25 00:00:00
392,Canada,North America,1449,21981,2014,Ottawa,CAD,English,9984670,2001-01-26 00:00:00
393,Nigeria,Africa,158,4783,2018,Abuja,NGN,English,923769,2001-01-27 00:00:00
394,Brazil,South America,534,10041,2006,Brasília,BRL,Portuguese,8515767,2001-01-28 00:00:00
395,USA,North America,1130,14603,2006,Washington,USD,English,9833520,2001-01-29 00:00:00
396,USA,North America,949,16815,2013,Washington,USD,English,9833520,2001-01-30 00:00:00
397,Japan,Asia,1454,9033,2016,Tokyo,JPY,Japanese,377975,2001-01-31 00:00:00
398,India,Asia,1340,15698,2011,New Delhi,INR,Hindi,3287263,2001-02-01 00:00:00
399,Germany,Europe,1050,3618,2002,Berlin,EUR,German,357022,2001-02-02 00:00:00
400,China,Asia,845,7583,2019,Beijing,CNY,Mandarin,9596961,2001-02-03 00:00:00
401,Germany,Europe,1105,14331,2015,Berlin,EUR,German,357022,2001-02-04 00:00:00
402,Brazil,South America,1434,7348,2023,Brasília,BRL,Portuguese,8515767,2001-02-05 00:00:00
403,Canada,North America,991,1510,2006,Ottawa,CAD,English,9984670,2001-02-06 00:00:00
404,Germany,Europe,803,12478,2014,Berlin,EUR,German,357022,2001-02-07 00:00:00
405,Brazil,South America,1193,24243,2014,Brasília,BRL,Portuguese,8515767,2001-02-08 00:00:00
406,Brazil,South America,612,9119,2013,Brasília,BRL,Portuguese,8515767,2001-02-09 00:00:00
407,UK,Europe,1051,20090,2007,London,GBP,English,243610,2001-02-10 00:00:00
408,China,Asia,334,2755,2018,Beijing,CNY,Mandarin,9596961,2001-02-11 00:00:00
409,Germany,Europe,254,24931,2015,Berlin,EUR,German,357022,2001-02-12 00:00:00
410,China,Asia,883,23551,2020,Beijing,CNY,Mandarin,9596961,2001-02-13 00:00:00
411,India,Asia,1185,10891,2018,New Delhi,INR,Hindi,3287263,2001-02-14 00:00:00
412,USA,North America,1236,21253,2011,Washington,USD,English,9833520,2001-02-15 00:00:00
413,Japan,Asia,819,16821,2022,Tokyo,JPY,Japanese,377975,2001-02-16 00:00:00
414,China,Asia,204,18751,2022,Beijing,CNY,Mandarin,9596961,2001-02-17 00:00:00
415,Japan,Asia,115,7589,2009,Tokyo,JPY,Japanese,377975,2001-02-18 00:00:00
416,Japan,Asia,438,17290,2004,Tokyo,JPY,Japanese,377975,2001-02-19 00:00:00
417,Nigeria,Africa,729,23853,2014,Abuja,NGN,English,923769,2001-02-20 00:00:00
418,Germany,Europe,708,4630,2001,Berlin,EUR,German,357022,2001-02-21 00:00:00
419,Brazil,South America,1396,21186,2009,Brasília,BRL,Portuguese,8515767,2001-02-22 00:00:00
420,Nigeria,Africa,1265,10189,2004,Abuja,NGN,English,923769,2001-02-23 00:00:00
421,Brazil,South America,75,12098,2006,Brasília,BRL,Portuguese,8515767,2001-02-24 00:00:00
422,France,Europe,1031,10990,2017,Paris,EUR,French,551695,2001-02-25 00:00:00
423,Germany,Europe,992,9711,2020,Berlin,EUR,German,357022,2001-02-26 00:00:00
424,USA,North America,807,24743,2013,Washington,USD,English,9833520,2001-02-27 00:00:00
425,India,Asia,1061,6201,2002,New Delhi,INR,Hindi,3287263,2001-02-28 00:00:00
426,China,Asia,1491,11112,2013,Beijing,CNY,Mandarin,9596961,2001-03-01 00:00:00
427,USA,North America,522,10778,2015,Washington,USD,English,9833520,2001-03-02 00:00:00
428,Nigeria,Africa,121,13243,2020,Abuja,NGN,English,923769,2001-03-03 00:00:00
429,USA,North America,502,10742,2007,Washington,USD,English,9833520,2001-03-04 00:00:00
430,China,Asia,605,2904,2022,Beijing,CNY,Mandarin,9596961,2001-03-05 00:00:00
431,China,Asia,1248,3340,2001,Beijing,CNY,Mandarin,9596961,2001-03-06 00:00:00
432,China,Asia,761,5013,2022,Beijing,CNY,Mandarin,9596961,2001-03-07 00:00:00
433,India,Asia,943,23120,2001,New Delhi,INR,Hindi,3287263,2001-03-08 00:00:00
434,Canada,North America,614,7861,2001,Ottawa,CAD,English,9984670,2001-03-09 00:00:00
435,Canada,North America,1042,13600,2010,Ottawa,CAD,English,9984670,2001-03-10 00:00:00
436,Japan,Asia,1232,24210,2001,Tokyo,JPY,Japanese,377975,2001-03-11 00:00:00
437,India,Asia,1261,11330,2022,New Delhi,INR,Hindi,3287263,2001-03-12 00:00:00
438,USA,North America,431,15990,2000,Washington,USD,English,9833520,2001-03-13 00:00:00
439,Germany,Europe,1132,24406,2010,Berlin,EUR,German,357022,2001-03-14 00:00:00
440,USA,North America,1108,24560,2021,Washington,USD,English,9833520,2001-03-15 00:00:00
441,Canada,North America,820,7813,2005,Ottawa,CAD,English,9984670,2001-03-16 00:00:00
442,India,Asia,596,15668,2006,New Delhi,INR,Hindi,3287263,2001-03-17 00:00:00
443,UK,Europe,1220,14105,2012,London,GBP,English,243610,2001-03-18 00:00:00
444,UK,Europe,1230,168,2015,London,GBP,English,243610,2001-03-19 00:00:00
445,Canada,North America,1277,15110,2010,Ottawa,CAD,English,9984670,2001-03-20 00:00:00
446,Brazil,South America,195,4886,2014,Brasília,BRL,Portuguese,8515767,2001-03-21 00:00:00
447,Nigeria,Africa,581,20901,2019,Abuja,NGN,English,923769,2001-03-22 00:00:00
448,Germany,Europe,445,23071,2001,Berlin,EUR,German,357022,2001-03-23 00:00:00
449,Brazil,South America,1074,12596,2008,Brasília,BRL,Portuguese,8515767,2001-03-24 00:00:00
450,UK,Europe,283,12731,2000,London,GBP,English,243610,2001-03-25 00:00:00
451,Brazil,South America,52,8666,2010,Brasília,BRL,Portuguese,8515767,2001-03-26 00:00:00
452,Germany,Europe,1478,1441,2014,Berlin,EUR,German,357022,2001-03-27 00:00:00
453,UK,Europe,1256,1747,2013,London,GBP,English,243610,2001-03-28 00:00:00
454,Germany,Europe,1322,24241,2007,Berlin,EUR,German,357022,2001-03-29 00:00:00
455,China,Asia,755,4635,2007,Beijing,CNY,Mandarin,9596961,2001-03-30 00:00:00
456,Germany,Europe,675,4581,2005,Berlin,EUR,German,357022,2001-03-31 00:00:00
457,UK,Europe,922,15081,2014,London,GBP,English,243610,2001-04-01 00:00:00
458,Japan,Asia,630,6731,2013,Tokyo,JPY,Japanese,377975,2001-04-02 00:00:00
459,UK,Europe,80,4690,2021,London,GBP,English,243610,2001-04-03 00:00:00
460,Canada,North America,985,397,2012,Ottawa,CAD,English,9984670,2001-04-04 00:00:00
461,Canada,North America,159,7292,2019,Ottawa,CAD,English,9984670,2001-04-05 00:00:00
462,Japan,Asia,500,529,2006,Tokyo,JPY,Japanese,377975,2001-04-06 00:00:00
463,China,Asia,1291,24406,2023,Beijing,CNY,Mandarin,9596961,2001-04-07 00:00:00
464,India,Asia,1013,19531,2021,New Delhi,INR,Hindi,3287263,2001-04-08 00:00:00
465,USA,North America,594,2894,2011,Washington,USD,English,9833520,2001-04-09 00:00:00
466,France,Europe,451,2059,2016,Paris,EUR,French,551695,2001-04-10 00:00:00
467,Japan,Asia,1442,3658,2019,Tokyo,JPY,Japanese,377975,2001-04-11 00:00:00
468,UK,Europe,311,10049,2015,London,GBP,English,243610,2001-04-12 00:00:00
469,UK,Europe,1027,18065,2021,London,GBP,English,243610,2001-04-13 00:00:00
470,Germany,Europe,1036,20965,2000,Berlin,EUR,German,357022,2001-04-14 00:00:00
471,USA,North America,1412,17638,2022,Washington,USD,English,9833520,2001-04-15 00:00:00
472,Canada,North America,1139,20671,2009,Ottawa,CAD,English,9984670,2001-04-16 00:00:00
473,UK,Europe,306,5216,2010,London,GBP,English,243610,2001-04-17 00:00:00
474,Brazil,South America,636,679,2016,Brasília,BRL,Portuguese,8515767,2001-04-18 00:00:00
475,France,Europe,840,15781,2005,Paris,EUR,French,551695,2001-04-19 00:00:00
476,USA,North America,1252,20356,2001,Washington,USD,English,9833520,2001-04-20 00:00:00
477,USA,North America,295,1020,2017,Washington,USD,English,9833520,2001-04-21 00:00:00
478,India,Asia,538,24681,2000,New Delhi,INR,Hindi,3287263,2001-04-22 00:00:00
479,UK,Europe,41,2383,2015,London,GBP,English,243610,2001-04-23 00:00:00
480,Japan,Asia,727,15271,2009,Tokyo,JPY,Japanese,377975,2001-04-24 00:00:00
481,Japan,Asia,15,22011,2007,Tokyo,JPY,Japanese,377975,2001-04-25 00:00:00
482,Brazil,South America,560,24120,2010,Brasília,BRL,Portuguese,8515767,2001-04-26 00:00:00
483,Brazil,South America,314,2306,2015,Brasília,BRL,Portuguese,8515767,2001-04-27 00:00:00
484,China,Asia,1276,10054,2014,Beijing,CNY,Mandarin,9596961,2001-04-28 00:00:00
485,China,Asia,93,20800,2008,Beijing,CNY,Mandarin,9596961,2001-04-29 00:00:00
486,Nigeria,Africa,914,19417,2020,Abuja,NGN,English,923769,2001-04-30 00:00:00
487,Nigeria,Africa,533,21099,2009,Abuja,NGN,English,923769,2001-05-01 00:00:00
488,Germany,Europe,1348,7746,2012,Berlin,EUR,German,357022,2001-05-02 00:00:00
489,Canada,North America,1059,10682,2003,Ottawa,CAD,English,9984670,2001-05-03 00:00:00
490,India,Asia,639,2751,2010,New Delhi,INR,Hindi,3287263,2001-05-04 00:00:00
491,France,Europe,449,21060,2005,Paris,EUR,French,551695,2001-05-05 00:00:00
492,USA,North America,256,1168,2019,Washington,USD,English,9833520,2001-05-06 00:00:00
493,India,Asia,14,13326,2005,New Delhi,INR,Hindi,3287263,2001-05-07 00:00:00
494,Nigeria,Africa,155,14225,2008,Abuja,NGN,English,923769,2001-05-08 00:00:00
495,Nigeria,Africa,1032,22690,2017,Abuja,NGN,English,923769,2001-05-09 00:00:00
496,Japan,Asia,493,149,2021,Tokyo,JPY,Japanese,377975,2001-05-10 00:00:00
497,China,Asia,280,23955,2003,Beijing,CNY,Mandarin,9596961,2001-05-11 00:00:00
498,UK,Europe,36,3357,2011,London,GBP,English,243610,2001-05-12 00:00:00
499,India,Asia,960,19340,2020,New Delhi,INR,Hindi,3287263,2001-05-13 00:00:00
500,Canada,North America,402,10865,2005,Ottawa,CAD,English,9984670,2001-05-14 00:00:00
501,Japan,Asia,1498,1788,2012,Tokyo,JPY,Japanese,377975,2001-05-15 00:00:00
502,Nigeria,Africa,156,22592,2003,Abuja,NGN,English,923769,2001-05-16 00:00:00
503,Canada,North America,662,7479,2017,Ottawa,CAD,English,9984670,2001-05-17 00:00:00
504,India,Asia,272,7163,2012,New Delhi,INR,Hindi,3287263,2001-05-18 00:00:00
505,Brazil,South America,1063,14290,2017,Brasília,BRL,Portuguese,8515767,2001-05-19 00:00:00
506,Brazil,South America,1195,7426,2008,Brasília,BRL,Portuguese,8515767,2001-05-20 00:00:00
507,Germany,Europe,416,4161,2003,Berlin,EUR,German,357022,2001-05-21 00:00:00
508,Brazil,South America,1373,20374,2017,Brasília,BRL,Portuguese,8515767,2001-05-22 00:00:00
509,France,Europe,525,14216,2020,Paris,EUR,French,551695,2001-05-23 00:00:00
510,USA,North America,866,2308,2007,Washington,USD,English,9833520,2001-05-24 00:00:00
511,Brazil,South America,35,16982,2020,Brasília,BRL,Portuguese,8515767,2001-05-25 00:00:00
512,Germany,Europe,290,22114,2010,Berlin,EUR,German,357022,2001-05-26 00:00:00
513,Canada,North America,1049,16186,2000,Ottawa,CAD,English,9984670,2001-05-27 00:00:00
514,Japan,Asia,678,19040,2019,Tokyo,JPY,Japanese,377975,2001-05-28 00:00:00
515,USA,North America,1363,17796,2001,Washington,USD,English,9833520,2001-05-29 00:00:00
516,France,Europe,334,4117,2019,Paris,EUR,French,551695,2001-05-30 00:00:00
517,India,Asia,824,8497,2017,New Delhi,INR,Hindi,3287263,2001-05-31 00:00:00
518,Canada,North America,1360,6185,2012,Ottawa,CAD,English,9984670,2001-06-01 00:00:00
519,France,Europe,1102,14769,2005,Paris,EUR,French,551695,2001-06-02 00:00:00
520,India,Asia,25,8287,2015,New Delhi,INR,Hindi,3287263,2001-06-03 00:00:00
521,China,Asia,1059,23181,2015,Beijing,CNY,Mandarin,9596961,2001-06-04 00:00:00
522,Brazil,South America,1062,2860,2011,Brasília,BRL,Portuguese,8515767,2001-06-05 00:00:00
523,France,Europe,19,19504,2013,Paris,EUR,French,551695,2001-06-06 00:00:00
524,India,Asia,143,20988,2005,New Delhi,INR,Hindi,3287263,2001-06-07 00:00:00
525,Nigeria,Africa,434,20710,2023,Abuja,NGN,English,923769,2001-06-08 00:00:00
526,Nigeria,Africa,952,13714,2015,Abuja,NGN,English,923769,2001-06-09 00:00:00
527,India,Asia,800,7485,2006,New Delhi,INR,Hindi,3287263,2001-06-10 00:00:00
528,Nigeria,Africa,957,2971,2009,Abuja,NGN,English,923769,2001-06-11 00:00:00
529,India,Asia,1189,3459,2006,New Delhi,INR,Hindi,3287263,2001-06-12 00:00:00
530,UK,Europe,258,17421,2015,London,GBP,English,243610,2001-06-13 00:00:00
531,Canada,North America,906,21720,2009,Ottawa,CAD,English,9984670,2001-06-14 00:00:00
532,Brazil,South America,1080,12599,2011,Brasília,BRL,Portuguese,8515767,2001-06-15 00:00:00
533,Germany,Europe,1083,23125,2018,Berlin,EUR,German,357022,2001-06-16 00:00:00
534,Germany,Europe,707,10561,2023,Berlin,EUR,German,357022,2001-06-17 00:00:00
535,USA,North America,1061,20773,2012,Washington,USD,English,9833520,2001-06-18 00:00:00
536,China,Asia,955,19863,2009,Beijing,CNY,Mandarin,9596961,2001-06-19 00:00:00
537,Germany,Europe,445,24673,2001,Berlin,EUR,German,357022,2001-06-20 00:00:00
538,Nigeria,Africa,1295,15542,2012,Abuja,NGN,English,923769,2001-06-21 00:00:00
539,UK,Europe,433,15365,2009,London,GBP,English,243610,2001-06-22 00:00:00
540,China,Asia,436,16008,2002,Beijing,CNY,Mandarin,9596961,2001-06-23 00:00:00
541,Canada,North America,311,10472,2010,Ottawa,CAD,English,9984670,2001-06-24 00:00:00
542,USA,North America,236,13396,2000,Washington,USD,English,9833520,2001-06-25 00:00:00
543,Germany,Europe,735,23793,2017,Berlin,EUR,German,357022,2001-06-26 00:00:00
544,Germany,Europe,947,20354,2001,Berlin,EUR,German,357022,2001-06-27 00:00:00
545,Brazil,South America,1157,17508,2012,Brasília,BRL,Portuguese,8515767,2001-06-28 00:00:00
546,Germany,Europe,155,13523,2014,Berlin,EUR,German,357022,2001-06-29 00:00:00
547,UK,Europe,589,10028,2015,London,GBP,English,243610,2001-06-30 00:00:00
548,Nigeria,Africa,623,8154,2014,Abuja,NGN,English,923769,2001-07-01 00:00:00
549,China,Asia,298,17037,2006,Beijing,CNY,Mandarin,9596961,2001-07-02 00:00:00
550,Brazil,South America,218,14958,2008,Brasília,BRL,Portuguese,8515767,2001-07-03 00:00:00
551,China,Asia,1345,3518,2003,Beijing,CNY,Mandarin,9596961,2001-07-04 00:00:00
552,France,Europe,1404,8545,2012,Paris,EUR,French,551695,2001-07-05 00:00:00
553,India,Asia,499,24883,2013,New Delhi,INR,Hindi,3287263,2001-07-06 00:00:00
554,Nigeria,Africa,369,1041,2016,Abuja,NGN,English,923769,2001-07-07 00:00:00
555,China,Asia,285,9590,2010,Beijing,CNY,Mandarin,9596961,2001-07-08 00:00:00
556,China,Asia,1269,16113,2006,Beijing,CNY,Mandarin,9596961,2001-07-09 00:00:00
557,Germany,Europe,566,10755,2001,Berlin,EUR,German,357022,2001-07-10 00:00:00
558,Germany,Europe,757,10179,2019,Berlin,EUR,German,357022,2001-07-11 00:00:00
559,Germany,Europe,282,22998,2015,Berlin,EUR,German,357022,2001-07-12 00:00:00
560,India,Asia,116,11132,2015,New Delhi,INR,Hindi,3287263,2001-07-13 00:00:00
561,India,Asia,1061,4901,2021,New Delhi,INR,Hindi,3287263,2001-07-14 00:00:00
562,Nigeria,Africa,39,3003,2000,Abuja,NGN,English,923769,2001-07-15 00:00:00
563,Nigeria,Africa,196,11069,2023,Abuja,NGN,English,923769,2001-07-16 00:00:00
564,USA,North America,1472,16282,2003,Washington,USD,English,9833520,2001-07-17 00:00:00
565,USA,North America,481,14442,2018,Washington,USD,English,9833520,2001-07-18 00:00:00
566,Germany,Europe,242,20442,2011,Berlin,EUR,German,357022,2001-07-19 00:00:00
567,Nigeria,Africa,816,20972,2020,Abuja,NGN,English,923769,2001-07-20 00:00:00
568,Germany,Europe,1293,7161,2013,Berlin,EUR,German,357022,2001-07-21 00:00:00
569,Brazil,South America,844,24821,2008,Brasília,BRL,Portuguese,8515767,2001-07-22 00:00:00
570,UK,Europe,1057,9734,2013,London,GBP,English,243610,2001-07-23 00:00:00
571,UK,Europe,285,15465,2013,London,GBP,English,243610,2001-07-24 00:00:00
572,France,Europe,671,8765,2007,Paris,EUR,French,551695,2001-07-25 00:00:00
573,Brazil,South America,1482,24207,2012,Brasília,BRL,Portuguese,8515767,2001-07-26 00:00:00
574,UK,Europe,1449,146,2001,London,GBP,English,243610,2001-07-27 00:00:00
575,Germany,Europe,556,19641,2005,Berlin,EUR,German,357022,2001-07-28 00:00:00
576,China,Asia,1028,13181,2012,Beijing,CNY,Mandarin,9596961,2001-07-29 00:00:00
577,USA,North America,1236,21748,2022,Washington,USD,English,9833520,2001-07-30 00:00:00
578,UK,Europe,948,21138,2020,London,GBP,English,243610,2001-07-31 00:00:00
579,India,Asia,1240,10312,2014,New Delhi,INR,Hindi,3287263,2001-08-01 00:00:00
580,France,Europe,1150,11162,2018,Paris,EUR,French,551695,2001-08-02 00:00:00
581,Japan,Asia,500,19810,2012,Tokyo,JPY,Japanese,377975,2001-08-03 00:00:00
582,India,Asia,1118,11014,2004,New Delhi,INR,Hindi,3287263,2001-08-04 00:00:00
583,France,Europe,459,13139,2012,Paris,EUR,French,551695,2001-08-05 00:00:00
584,Japan,Asia,1146,17331,2004,Tokyo,JPY,Japanese,377975,2001-08-06 00:00:00
585,UK,Europe,1209,241,2009,London,GBP,English,243610,2001-08-07 00:00:00
586,USA,North America,1401,20134,2020,Washington,USD,English,9833520,2001-08-08 00:00:00
587,Nigeria,Africa,1112,22210,2011,Abuja,NGN,English,923769,2001-08-09 00:00:00
588,UK,Europe,604,9819,2017,London,GBP,English,243610,2001-08-10 00:00:00
589,India,Asia,267,18236,2008,New Delhi,INR,Hindi,3287263,2001-08-11 00:00:00
590,UK,Europe,934,278,2010,London,GBP,English,243610,2001-08-12 00:00:00
591,Japan,Asia,1079,17328,2006,Tokyo,JPY,Japanese,377975,2001-08-13 00:00:00
592,UK,Europe,615,15238,2020,London,GBP,English,243610,2001-08-14 00:00:00
593,Japan,Asia,1001,10601,2001,Tokyo,JPY,Japanese,377975,2001-08-15 00:00:00
594,India,Asia,495,11822,2022,New Delhi,INR,Hindi,3287263,2001-08-16 00:00:00
595,USA,North America,656,5353,2008,Washington,USD,English,9833520,2001-08-17 00:00:00
596,Japan,Asia,455,24705,2000,Tokyo,JPY,Japanese,377975,2001-08-18 00:00:00
597,India,Asia,347,20633,2010,New Delhi,INR,Hindi,3287263,2001-08-19 00:00:00
598,USA,North America,159,20814,2000,Washington,USD,English,9833520,2001-08-20 00:00:00
599,Nigeria,Africa,211,18908,2006,Abuja,NGN,English,923769,2001-08-21 00:00:00
600,Brazil,South America,1035,13253,2000,Brasília,BRL,Portuguese,8515767,2001-08-22 00:00:00
601,Canada,North America,16,20013,2017,Ottawa,CAD,English,9984670,2001-08-23 00:00:00
602,China,Asia,237,5844,2015,Beijing,CNY,Mandarin,9596961,2001-08-24 00:00:00
603,Nigeria,Africa,858,5255,2013,Abuja,NGN,English,923769,2001-08-25 00:00:00
604,Nigeria,Africa,1130,10350,2020,Abuja,NGN,English,923769,2001-08-26 00:00:00
605,Brazil,South America,731,7457,2017,Brasília,BRL,Portuguese,8515767,2001-08-27 00:00:00
606,India,Asia,652,7093,2022,New Delhi,INR,Hindi,3287263,2001-08-28 00:00:00
607,France,Europe,99,4483,2014,Paris,EUR,French,551695,2001-08-29 00:00:00
608,Brazil,South America,443,19654,2013,Brasília,BRL,Portuguese,8515767,2001-08-30 00:00:00
609,USA,North America,995,9469,2013,Washington,USD,English,9833520,2001-08-31 00:00:00
610,France,Europe,1240,16805,2009,Paris,EUR,French,551695,2001-09-01 00:00:00
611,USA,North America,348,6214,2010,Washington,USD,English,9833520,2001-09-02 00:00:00
612,Germany,Europe,740,22330,2010,Berlin,EUR,German,357022,2001-09-03 00:00:00
613,India,Asia,215,2755,2002,New Delhi,INR,Hindi,3287263,2001-09-04 00:00:00
614,Germany,Europe,224,6843,2004,Berlin,EUR,German,357022,2001-09-05 00:00:00
615,Canada,North America,566,22261,2002,Ottawa,CAD,English,9984670,2001-09-06 00:00:00
616,France,Europe,83,15856,2002,Paris,EUR,French,551695,2001-09-07 00:00:00
617,UK,Europe,473,3760,2007,London,GBP,English,243610,2001-09-08 00:00:00
618,USA,North America,256,9886,2004,Washington,USD,English,9833520,2001-09-09 00:00:00
619,UK,Europe,1382,19377,2007,London,GBP,English,243610,2001-09-10 00:00:00
620,Nigeria,Africa,625,7682,2009,Abuja,NGN,English,923769,2001-09-11 00:00:00
621,India,Asia,861,18248,2001,New Delhi,INR,Hindi,3287263,2001-09-12 00:00:00
622,Brazil,South America,1498,3606,2021,Brasília,BRL,Portuguese,8515767,2001-09-13 00:00:00
623,Nigeria,Africa,414,11109,2019,Abuja,NGN,English,923769,2001-09-14 00:00:00
624,Nigeria,Africa,756,22409,2013,Abuja,NGN,English,923769,2001-09-15 00:00:00
625,Brazil,South America,411,23929,2011,Brasília,BRL,Portuguese,8515767,2001-09-16 00:00:00
626,Nigeria,Africa,492,19412,2005,Abuja,NGN,English,923769,2001-09-17 00:00:00
627,Brazil,South America,545,16174,2023,Brasília,BRL,Portuguese,8515767,2001-09-18 00:00:00
628,USA,North America,937,148,2017,Washington,USD,English,9833520,2001-09-19 00:00:00
629,UK,Europe,350,8573,2010,London,GBP,English,243610,2001-09-20 00:00:00
630,Canada,North America,1463,13367,2015,Ottawa,CAD,English,9984670,2001-09-21 00:00:00
631,Germany,Europe,411,14591,2001,Berlin,EUR,German,357022,2001-09-22 00:00:00
632,China,Asia,622,22655,2023,Beijing,CNY,Mandarin,9596961,2001-09-23 00:00:00
633,USA,North America,1006,10091,2016,Washington,USD,English,9833520,2001-09-24 00:00:00
634,Canada,North America,34,6578,2000,Ottawa,CAD,English,9984670,2001-09-25 00:00:00
635,China,Asia,259,19618,2006,Beijing,CNY,Mandarin,9596961,2001-09-26 00:00:00
636,Canada,North America,700,18756,2002,Ottawa,CAD,English,9984670,2001-09-27 00:00:00
637,China,Asia,23,9503,2000,Beijing,CNY,Mandarin,9596961,2001-09-28 00:00:00
638,Nigeria,Africa,343,10551,2015,Abuja,NGN,English,923769,2001-09-29 00:00:00
639,Japan,Asia,1058,2174,2022,Tokyo,JPY,Japanese,377975,2001-09-30 00:00:00
640,Canada,North America,820,23947,2017,Ottawa,CAD,English,9984670,2001-10-01 00:00:00
641,USA,North America,878,321,2008,Washington,USD,English,9833520,2001-10-02 00:00:00
642,Japan,Asia,394,16386,2022,Tokyo,JPY,Japanese,377975,2001-10-03 00:00:00
643,Brazil,South America,151,20124,2018,Brasília,BRL,Portuguese,8515767,2001-10-04 00:00:00
644,Nigeria,Africa,958,23542,2009,Abuja,NGN,English,923769,2001-10-05 00:00:00
645,India,Asia,1321,6723,2017,New Delhi,INR,Hindi,3287263,2001-10-06 00:00:00
646,Germany,Europe,664,20159,2004,Berlin,EUR,German,357022,2001-10-07 00:00:00
647,France,Europe,34,16513,2019,Paris,EUR,French,551695,2001-10-08 00:00:00
648,Canada,North America,402,2877,2007,Ottawa,CAD,English,9984670,2001-10-09 00:00:00
649,China,Asia,1157,19957,2009,Beijing,CNY,Mandarin,9596961,2001-10-10 00:00:00
650,Canada,North America,1147,21435,2007,Ottawa,CAD,English,9984670,2001-10-11 00:00:00
651,USA,North America,356,13511,2014,Washington,USD,English,9833520,2001-10-12 00:00:00
652,USA,North America,366,3190,2016,Washington,USD,English,9833520,2001-10-13 00:00:00
653,India,Asia,241,18050,2005,New Delhi,INR,Hindi,3287263,2001-10-14 00:00:00
654,Nigeria,Africa,1389,15347,2021,Abuja,NGN,English,923769,2001-10-15 00:00:00
655,UK,Europe,1459,15194,2009,London,GBP,English,243610,2001-10-16 00:00:00
656,USA,North America,700,23980,2021,Washington,USD,English,9833520,2001-10-17 00:00:00
657,Nigeria,Africa,386,9418,2000,Abuja,NGN,English,923769,2001-10-18 00:00:00
658,UK,Europe,1173,7560,2003,London,GBP,English,243610,2001-10-19 00:00:00
659,Brazil,South America,445,5164,2016,Brasília,BRL,Portuguese,8515767,2001-10-20 00:00:00
660,Japan,Asia,1340,22837,2009,Tokyo,JPY,Japanese,377975,2001-10-21 00:00:00
661,Japan,Asia,1190,6147,2016,Tokyo,JPY,Japanese,377975,2001-10-22 00:00:00
662,USA,North America,1235,21716,2002,Washington,USD,English,9833520,2001-10-23 00:00:00
663,UK,Europe,15,7103,2009,London,GBP,English,243610,2001-10-24 00:00:00
664,India,Asia,1038,3017,2002,New Delhi,INR,Hindi,3287263,2001-10-25 00:00:00
665,India,Asia,787,9204,2016,New Delhi,INR,Hindi,3287263,2001-10-26 00:00:00
666,Germany,Europe,561,3306,2007,Berlin,EUR,German,357022,2001-10-27 00:00:00
667,Germany,Europe,48,21776,2001,Berlin,EUR,German,357022,2001-10-28 00:00:00
668,Nigeria,Africa,416,20785,2015,Abuja,NGN,English,923769,2001-10-29 00:00:00
669,India,Asia,731,12265,2019,New Delhi,INR,Hindi,3287263,2001-10-30 00:00:00
670,USA,North America,682,20997,2019,Washington,USD,English,9833520,2001-10-31 00:00:00
671,Japan,Asia,1409,1606,2006,Tokyo,JPY,Japanese,377975,2001-11-01 00:00:00
672,UK,Europe,131,19713,2022,London,GBP,English,243610,2001-11-02 00:00:00
673,France,Europe,1445,9788,2007,Paris,EUR,French,551695,2001-11-03 00:00:00
674,Canada,North America,474,6990,2009,Ottawa,CAD,English,9984670,2001-11-04 00:00:00
675,UK,Europe,53,17886,2018,London,GBP,English,243610,2001-11-05 00:00:00
676,Nigeria,Africa,374,11137,2003,Abuja,NGN,English,923769,2001-11-06 00:00:00
677,India,Asia,1494,17308,2008,New Delhi,INR,Hindi,3287263,2001-11-07 00:00:00
678,Nigeria,Africa,689,9413,2001,Abuja,NGN,English,923769,2001-11-08 00:00:00
679,Germany,Europe,466,23455,2014,Berlin,EUR,German,357022,2001-11-09 00:00:00
680,Canada,North America,515,466,2000,Ottawa,CAD,English,9984670,2001-11-10 00:00:00
681,UK,Europe,1437,15000,2005,London,GBP,English,243610,2001-11-11 00:00:00
682,China,Asia,30,4264,2021,Beijing,CNY,Mandarin,9596961,2001-11-12 00:00:00
683,India,Asia,1487,1534,2015,New Delhi,INR,Hindi,3287263,2001-11-13 00:00:00
684,Germany,Europe,443,8738,2015,Berlin,EUR,German,357022,2001-11-14 00:00:00
685,France,Europe,383,8312,2001,Paris,EUR,French,551695,2001-11-15 00:00:00
686,Japan,Asia,1010,22307,2004,Tokyo,JPY,Japanese,377975,2001-11-16 00:00:00
687,Germany,Europe,1273,4195,2012,Berlin,EUR,German,357022,2001-11-17 00:00:00
688,Canada,North America,536,11150,2019,Ottawa,CAD,English,9984670,2001-11-18 00:00:00
689,Japan,Asia,1168,18924,2021,Tokyo,JPY,Japanese,377975,2001-11-19 00:00:00
690,UK,Europe,369,9757,2019,London,GBP,English,243610,2001-11-20 00:00:00
691,Japan,Asia,225,474,2008,Tokyo,JPY,Japanese,377975,2001-11-21 00:00:00
692,France,Europe,1298,7593,2018,Paris,EUR,French,551695,2001-11-22 00:00:00
693,Brazil,South America,1032,23781,2010,Brasília,BRL,Portuguese,8515767,2001-11-23 00:00:00
694,USA,North America,245,11632,2002,Washington,USD,English,9833520,2001-11-24 00:00:00
695,Nigeria,Africa,51,10661,2002,Abuja,NGN,English,923769,2001-11-25 00:00:00
696,India,Asia,804,13595,2009,New Delhi,INR,Hindi,3287263,2001-11-26 00:00:00
697,France,Europe,351,14871,2008,Paris,EUR,French,551695,2001-11-27 00:00:00
698,Japan,Asia,1201,4780,2021,Tokyo,JPY,Japanese,377975,2001-11-28 00:00:00
699,Nigeria,Africa,393,23567,2010,Abuja,NGN,English,923769,2001-11-29 00:00:00
700,Brazil,South America,142,19476,2005,Brasília,BRL,Portuguese,8515767,2001-11-30 00:00:00
701,UK,Europe,226,23264,2008,London,GBP,English,243610,2001-12-01 00:00:00
702,Germany,Europe,523,2848,2003,Berlin,EUR,German,357022,2001-12-02 00:00:00
703,Germany,Europe,986,22844,2013,Berlin,EUR,German,357022,2001-12-03 00:00:00
704,Germany,Europe,823,19558,2023,Berlin,EUR,German,357022,2001-12-04 00:00:00
705,France,Europe,1138,21113,2006,Paris,EUR,French,551695,2001-12-05 00:00:00
706,Germany,Europe,759,8185,2000,Berlin,EUR,German,357022,2001-12-06 00:00:00
707,Canada,North America,1040,11079,2007,Ottawa,CAD,English,9984670,2001-12-07 00:00:00
708,China,Asia,812,19043,2011,Beijing,CNY,Mandarin,9596961,2001-12-08 00:00:00
709,UK,Europe,959,6488,2002,London,GBP,English,243610,2001-12-09 00:00:00
710,USA,North America,329,13778,2014,Washington,USD,English,9833520,2001-12-10 00:00:00
711,USA,North America,132,12352,2017,Washington,USD,English,9833520,2001-12-11 00:00:00
712,Brazil,South America,1354,12234,2002,Brasília,BRL,Portuguese,8515767,2001-12-12 00:00:00
713,India,Asia,214,23694,2009,New Delhi,INR,Hindi,3287263,2001-12-13 00:00:00
714,Canada,North America,864,9500,2005,Ottawa,CAD,English,9984670,2001-12-14 00:00:00
715,USA,North America,1381,21690,2017,Washington,USD,English,9833520,2001-12-15 00:00:00
716,Nigeria,Africa,207,5962,2001,Abuja,NGN,English,923769,2001-12-16 00:00:00
717,Germany,Europe,550,1768,2011,Berlin,EUR,German,357022,2001-12-17 00:00:00
718,Japan,Asia,287,14373,2019,Tokyo,JPY,Japanese,377975,2001-12-18 00:00:00
719,Nigeria,Africa,1440,22448,2022,Abuja,NGN,English,923769,2001-12-19 00:00:00
720,UK,Europe,45,18434,2019,London,GBP,English,243610,2001-12-20 00:00:00
721,India,Asia,77,17116,2007,New Delhi,INR,Hindi,3287263,2001-12-21 00:00:00
722,Canada,North America,984,5251,2009,Ottawa,CAD,English,9984670,2001-12-22 00:00:00
723,Germany,Europe,493,23747,2011,Berlin,EUR,German,357022,2001-12-23 00:00:00
724,Brazil,South America,51,15778,2010,Brasília,BRL,Portuguese,8515767,2001-12-24 00:00:00
725,China,Asia,156,11885,2016,Beijing,CNY,Mandarin,9596961,2001-12-25 00:00:00
726,Canada,North America,1387,21316,2012,Ottawa,CAD,English,9984670,2001-12-26 00:00:00
727,India,Asia,990,13431,2012,New Delhi,INR,Hindi,3287263,2001-12-27 00:00:00
728,Nigeria,Africa,356,7209,2001,Abuja,NGN,English,923769,2001-12-28 00:00:00
729,UK,Europe,913,12855,2007,London,GBP,English,243610,2001-12-29 00:00:00
730,UK,Europe,704,9846,2004,London,GBP,English,243610,2001-12-30 00:00:00
731,France,Europe,1430,18758,2013,Paris,EUR,French,551695,2001-12-31 00:00:00
732,Canada,North America,655,3249,2017,Ottawa,CAD,English,9984670,2002-01-01 00:00:00
733,Germany,Europe,469,7648,2008,Berlin,EUR,German,357022,2002-01-02 00:00:00
734,UK,Europe,383,11806,2015,London,GBP,English,243610,2002-01-03 00:00:00
735,Japan,Asia,81,5467,2019,Tokyo,JPY,Japanese,377975,2002-01-04 00:00:00
736,Brazil,South America,1107,19713,2020,Brasília,BRL,Portuguese,8515767,2002-01-05 00:00:00
737,Nigeria,Africa,847,6041,2009,Abuja,NGN,English,923769,2002-01-06 00:00:00
738,Germany,Europe,722,7848,2001,Berlin,EUR,German,357022,2002-01-07 00:00:00
739,Germany,Europe,470,4342,2009,Berlin,EUR,German,357022,2002-01-08 00:00:00
740,USA,North America,912,10157,2012,Washington,USD,English,9833520,2002-01-09 00:00:00
741,USA,North America,726,15614,2001,Washington,USD,English,9833520,2002-01-10 00:00:00
742,Brazil,South America,1127,20129,2010,Brasília,BRL,Portuguese,8515767,2002-01-11 00:00:00
743,Brazil,South America,798,11999,2003,Brasília,BRL,Portuguese,8515767,2002-01-12 00:00:00
744,Nigeria,Africa,73,10424,2002,Abuja,NGN,English,923769,2002-01-13 00:00:00
745,Nigeria,Africa,162,15887,2000,Abuja,NGN,English,923769,2002-01-14 00:00:00
746,Canada,North America,776,7052,2008,Ottawa,CAD,English,9984670,2002-01-15 00:00:00
747,USA,North America,328,6266,2013,Washington,USD,English,9833520,2002-01-16 00:00:00
748,Brazil,South America,1010,16193,2000,Brasília,BRL,Portuguese,8515767,2002-01-17 00:00:00
749,USA,North America,617,4306,2008,Washington,USD,English,9833520,2002-01-18 00:00:00
750,Canada,North America,1431,20150,2018,Ottawa,CAD,English,9984670,2002-01-19 00:00:00
751,UK,Europe,328,13365,2008,London,GBP,English,243610,2002-01-20 00:00:00
752,Nigeria,Africa,717,19322,2006,Abuja,NGN,English,923769,2002-01-21 00:00:00
753,China,Asia,1470,7364,2012,Beijing,CNY,Mandarin,9596961,2002-01-22 00:00:00
754,India,Asia,842,22964,2001,New Delhi,INR,Hindi,3287263,2002-01-23 00:00:00
755,Germany,Europe,1465,4728,2023,Berlin,EUR,German,357022,2002-01-24 00:00:00
756,China,Asia,1464,20963,2009,Beijing,CNY,Mandarin,9596961,2002-01-25 00:00:00
757,UK,Europe,1246,20204,2018,London,GBP,English,243610,2002-01-26 00:00:00
758,Germany,Europe,568,17976,2023,Berlin,EUR,German,357022,2002-01-27 00:00:00
759,Japan,Asia,541,256,2018,Tokyo,JPY,Japanese,377975,2002-01-28 00:00:00
760,France,Europe,819,15250,2013,Paris,EUR,French,551695,2002-01-29 00:00:00
761,UK,Europe,812,6453,2016,London,GBP,English,243610,2002-01-30 00:00:00
762,Japan,Asia,1479,14013,2023,Tokyo,JPY,Japanese,377975,2002-01-31 00:00:00
763,France,Europe,293,16589,2013,Paris,EUR,French,551695,2002-02-01 00:00:00
764,USA,North America,290,4034,2015,Washington,USD,English,9833520,2002-02-02 00:00:00
765,Germany,Europe,1331,16928,2019,Berlin,EUR,German,357022,2002-02-03 00:00:00
766,UK,Europe,1120,12052,2022,London,GBP,English,243610,2002-02-04 00:00:00
767,Canada,North America,387,14019,2001,Ottawa,CAD,English,9984670,2002-02-05 00:00:00
768,Brazil,South America,864,17897,2004,Brasília,BRL,Portuguese,8515767,2002-02-06 00:00:00
769,Brazil,South America,456,11101,2002,Brasília,BRL,Portuguese,8515767,2002-02-07 00:00:00
770,USA,North America,1089,4043,2009,Washington,USD,English,9833520,2002-02-08 00:00:00
771,USA,North America,746,1166,2006,Washington,USD,English,9833520,2002-02-09 00:00:00
772,India,Asia,220,11489,2015,New Delhi,INR,Hindi,3287263,2002-02-10 00:00:00
773,Brazil,South America,572,19468,2008,Brasília,BRL,Portuguese,8515767,2002-02-11 00:00:00
774,France,Europe,510,10356,2013,Paris,EUR,French,551695,2002-02-12 00:00:00
775,Germany,Europe,926,1060,2008,Berlin,EUR,German,357022,2002-02-13 00:00:00
776,UK,Europe,1333,7244,2014,London,GBP,English,243610,2002-02-14 00:00:00
777,France,Europe,437,13808,2004,Paris,EUR,French,551695,2002-02-15 00:00:00
778,China,Asia,1405,16037,2008,Beijing,CNY,Mandarin,9596961,2002-02-16 00:00:00
779,Japan,Asia,630,12508,2017,Tokyo,JPY,Japanese,377975,2002-02-17 00:00:00
780,Brazil,South America,381,20064,2016,Brasília,BRL,Portuguese,8515767,2002-02-18 00:00:00
781,Brazil,South America,1378,1730,2000,Brasília,BRL,Portuguese,8515767,2002-02-19 00:00:00
782,UK,Europe,1315,10151,2007,London,GBP,English,243610,2002-02-20 00:00:00
783,Germany,Europe,606,21139,2013,Berlin,EUR,German,357022,2002-02-21 00:00:00
784,Germany,Europe,1264,1228,2013,Berlin,EUR,German,357022,2002-02-22 00:00:00
785,Japan,Asia,1123,5747,2021,Tokyo,JPY,Japanese,377975,2002-02-23 00:00:00
786,India,Asia,708,22018,2023,New Delhi,INR,Hindi,3287263,2002-02-24 00:00:00
787,Brazil,South America,1100,22113,2013,Brasília,BRL,Portuguese,8515767,2002-02-25 00:00:00
788,USA,North America,421,18561,2013,Washington,USD,English,9833520,2002-02-26 00:00:00
789,Japan,Asia,1461,17430,2009,Tokyo,JPY,Japanese,377975,2002-02-27 00:00:00
790,Brazil,South America,729,22458,2011,Brasília,BRL,Portuguese,8515767,2002-02-28 00:00:00
791,UK,Europe,865,24487,2015,London,GBP,English,243610,2002-03-01 00:00:00
792,Japan,Asia,911,11823,2012,Tokyo,JPY,Japanese,377975,2002-03-02 00:00:00
793,Japan,Asia,263,13538,2023,Tokyo,JPY,Japanese,377975,2002-03-03 00:00:00
794,Japan,Asia,589,6976,2012,Tokyo,JPY,Japanese,377975,2002-03-04 00:00:00
795,Japan,Asia,513,14788,2008,Tokyo,JPY,Japanese,377975,2002-03-05 00:00:00
796,Brazil,South America,673,17150,2001,Brasília,BRL,Portuguese,8515767,2002-03-06 00:00:00
797,Canada,North America,520,1584,2023,Ottawa,CAD,English,9984670,2002-03-07 00:00:00
798,Japan,Asia,1302,457,2021,Tokyo,JPY,Japanese,377975,2002-03-08 00:00:00
799,USA,North America,457,14865,2003,Washington,USD,English,9833520,2002-03-09 00:00:00
800,Japan,Asia,1310,5983,2020,Tokyo,JPY,Japanese,377975,2002-03-10 00:00:00
801,Germany,Europe,1145,17766,2010,Berlin,EUR,German,357022,2002-03-11 00:00:00
802,Canada,North America,190,11821,2005,Ottawa,CAD,English,9984670,2002-03-12 00:00:00
803,India,Asia,978,15460,2014,New Delhi,INR,Hindi,3287263,2002-03-13 00:00:00
804,China,Asia,383,17583,2010,Beijing,CNY,Mandarin,9596961,2002-03-14 00:00:00
805,China,Asia,908,13317,2005,Beijing,CNY,Mandarin,9596961,2002-03-15 00:00:00
806,Japan,Asia,1320,17761,2002,Tokyo,JPY,Japanese,377975,2002-03-16 00:00:00
807,France,Europe,727,9499,2008,Paris,EUR,French,551695,2002-03-17 00:00:00
808,Germany,Europe,571,5584,2021,Berlin,EUR,German,357022,2002-03-18 00:00:00
809,Brazil,South America,1028,13607,2006,Brasília,BRL,Portuguese,8515767,2002-03-19 00:00:00
810,Brazil,South America,878,16798,2011,Brasília,BRL,Portuguese,8515767,2002-03-20 00:00:00
811,China,Asia,1302,7839,2023,Beijing,CNY,Mandarin,9596961,2002-03-21 00:00:00
812,Japan,Asia,679,3548,2013,Tokyo,JPY,Japanese,377975,2002-03-22 00:00:00
813,Japan,Asia,386,7928,2023,Tokyo,JPY,Japanese,377975,2002-03-23 00:00:00
814,Germany,Europe,790,22160,2014,Berlin,EUR,German,357022,2002-03-24 00:00:00
815,China,Asia,242,12606,2014,Beijing,CNY,Mandarin,9596961,2002-03-25 00:00:00
816,India,Asia,194,19511,2023,New Delhi,INR,Hindi,3287263,2002-03-26 00:00:00
817,Japan,Asia,18,9096,2001,Tokyo,JPY,Japanese,377975,2002-03-27 00:00:00
818,Canada,North America,849,3920,2018,Ottawa,CAD,English,9984670,2002-03-28 00:00:00
819,India,Asia,1342,7343,2013,New Delhi,INR,Hindi,3287263,2002-03-29 00:00:00
820,France,Europe,758,20156,2008,Paris,EUR,French,551695,2002-03-30 00:00:00
821,UK,Europe,1423,22021,2018,London,GBP,English,243610,2002-03-31 00:00:00
822,Nigeria,Africa,820,5362,2005,Abuja,NGN,English,923769,2002-04-01 00:00:00
823,UK,Europe,711,18782,2013,London,GBP,English,243610,2002-04-02 00:00:00
824,Canada,North America,1084,17550,2019,Ottawa,CAD,English,9984670,2002-04-03 00:00:00
825,India,Asia,1223,19851,2017,New Delhi,INR,Hindi,3287263,2002-04-04 00:00:00
826,France,Europe,991,3149,2017,Paris,EUR,French,551695,2002-04-05 00:00:00
827,Brazil,South America,1141,8537,2012,Brasília,BRL,Portuguese,8515767,2002-04-06 00:00:00
828,Japan,Asia,1235,17140,2007,Tokyo,JPY,Japanese,377975,2002-04-07 00:00:00
829,Nigeria,Africa,761,10533,2001,Abuja,NGN,English,923769,2002-04-08 00:00:00
830,Germany,Europe,1333,18697,2008,Berlin,EUR,German,357022,2002-04-09 00:00:00
831,Brazil,South America,366,1766,2010,Brasília,BRL,Portuguese,8515767,2002-04-10 00:00:00
832,Germany,Europe,1172,20034,2022,Berlin,EUR,German,357022,2002-04-11 00:00:00
833,Nigeria,Africa,779,14597,2011,Abuja,NGN,English,923769,2002-04-12 00:00:00
834,China,Asia,845,14449,2008,Beijing,CNY,Mandarin,9596961,2002-04-13 00:00:00
835,Nigeria,Africa,1138,17148,2010,Abuja,NGN,English,923769,2002-04-14 00:00:00
836,France,Europe,983,23259,2010,Paris,EUR,French,551695,2002-04-15 00:00:00
837,China,Asia,390,14521,2012,Beijing,CNY,Mandarin,9596961,2002-04-16 00:00:00
838,USA,North America,1180,11828,2016,Washington,USD,English,9833520,2002-04-17 00:00:00
839,Canada,North America,794,13261,2019,Ottawa,CAD,English,9984670,2002-04-18 00:00:00
840,Japan,Asia,1361,11491,2015,Tokyo,JPY,Japanese,377975,2002-04-19 00:00:00
841,UK,Europe,790,1778,2001,London,GBP,English,243610,2002-04-20 00:00:00
842,India,Asia,70,18763,2018,New Delhi,INR,Hindi,3287263,2002-04-21 00:00:00
843,China,Asia,656,14343,2000,Beijing,CNY,Mandarin,9596961,2002-04-22 00:00:00
844,USA,North America,851,15432,2016,Washington,USD,English,9833520,2002-04-23 00:00:00
845,Japan,Asia,31,7300,2006,Tokyo,JPY,Japanese,377975,2002-04-24 00:00:00
846,Brazil,South America,682,12154,2015,Brasília,BRL,Portuguese,8515767,2002-04-25 00:00:00
847,China,Asia,511,22647,2002,Beijing,CNY,Mandarin,9596961,2002-04-26 00:00:00
848,China,Asia,723,6008,2008,Beijing,CNY,Mandarin,9596961,2002-04-27 00:00:00
849,France,Europe,1241,11867,2002,Paris,EUR,French,551695,2002-04-28 00:00:00
850,India,Asia,631,1811,2010,New Delhi,INR,Hindi,3287263,2002-04-29 00:00:00
851,France,Europe,361,22912,2002,Paris,EUR,French,551695,2002-04-30 00:00:00
852,China,Asia,235,15996,2021,Beijing,CNY,Mandarin,9596961,2002-05-01 00:00:00
853,France,Europe,221,20451,2003,Paris,EUR,French,551695,2002-05-02 00:00:00
854,China,Asia,688,13628,2022,Beijing,CNY,Mandarin,9596961,2002-05-03 00:00:00
855,Canada,North America,417,9093,2017,Ottawa,CAD,English,9984670,2002-05-04 00:00:00
856,Nigeria,Africa,470,23998,2008,Abuja,NGN,English,923769,2002-05-05 00:00:00
857,Brazil,South America,985,9226,2016,Brasília,BRL,Portuguese,8515767,2002-05-06 00:00:00
858,Germany,Europe,900,16975,2023,Berlin,EUR,German,357022,2002-05-07 00:00:00
859,Canada,North America,537,17053,2023,Ottawa,CAD,English,9984670,2002-05-08 00:00:00
860,Japan,Asia,269,2270,2023,Tokyo,JPY,Japanese,377975,2002-05-09 00:00:00
861,Canada,North America,1315,10258,2001,Ottawa,CAD,English,9984670,2002-05-10 00:00:00
862,Brazil,South America,755,22145,2007,Brasília,BRL,Portuguese,8515767,2002-05-11 00:00:00
863,India,Asia,498,18250,2023,New Delhi,INR,Hindi,3287263,2002-05-12 00:00:00
864,Germany,Europe,1114,3380,2012,Berlin,EUR,German,357022,2002-05-13 00:00:00
865,Japan,Asia,949,10250,2022,Tokyo,JPY,Japanese,377975,2002-05-14 00:00:00
866,Germany,Europe,1446,20567,2002,Berlin,EUR,German,357022,2002-05-15 00:00:00
867,USA,North America,1163,9356,2019,Washington,USD,English,9833520,2002-05-16 00:00:00
868,China,Asia,1431,10758,2020,Beijing,CNY,Mandarin,9596961,2002-05-17 00:00:00
869,Nigeria,Africa,1403,12743,2014,Abuja,NGN,English,923769,2002-05-18 00:00:00
870,Brazil,South America,172,10085,2016,Brasília,BRL,Portuguese,8515767,2002-05-19 00:00:00
871,Japan,Asia,1298,928,2002,Tokyo,JPY,Japanese,377975,2002-05-20 00:00:00
872,China,Asia,178,15452,2010,Beijing,CNY,Mandarin,9596961,2002-05-21 00:00:00
873,India,Asia,1138,1938,2014,New Delhi,INR,Hindi,3287263,2002-05-22 00:00:00
874,Brazil,South America,135,20993,2015,Brasília,BRL,Portuguese,8515767,2002-05-23 00:00:00
875,France,Europe,1322,17617,2014,Paris,EUR,French,551695,2002-05-24 00:00:00
876,China,Asia,779,6231,2001,Beijing,CNY,Mandarin,9596961,2002-05-25 00:00:00
877,Nigeria,Africa,320,19437,2012,Abuja,NGN,English,923769,2002-05-26 00:00:00
878,UK,Europe,442,18791,2005,London,GBP,English,243610,2002-05-27 00:00:00
879,China,Asia,348,11763,2002,Beijing,CNY,Mandarin,9596961,2002-05-28 00:00:00
880,Canada,North America,511,8301,2001,Ottawa,CAD,English,9984670,2002-05-29 00:00:00
881,Brazil,South America,739,17779,2000,Brasília,BRL,Portuguese,8515767,2002-05-30 00:00:00
882,Japan,Asia,1064,18763,2002,Tokyo,JPY,Japanese,377975,2002-05-31 00:00:00
883,USA,North America,632,11757,2000,Washington,USD,English,9833520,2002-06-01 00:00:00
884,Brazil,South America,691,9928,2011,Brasília,BRL,Portuguese,8515767,2002-06-02 00:00:00
885,Brazil,South America,1186,24442,2006,Brasília,BRL,Portuguese,8515767,2002-06-03 00:00:00
886,USA,North America,635,16619,2002,Washington,USD,English,9833520,2002-06-04 00:00:00
887,Nigeria,Africa,1120,5991,2020,Abuja,NGN,English,923769,2002-06-05 00:00:00
888,Germany,Europe,1122,14866,2019,Berlin,EUR,German,357022,2002-06-06 00:00:00
889,Nigeria,Africa,74,20650,2007,Abuja,NGN,English,923769,2002-06-07 00:00:00
890,Canada,North America,1141,10875,2022,Ottawa,CAD,English,9984670,2002-06-08 00:00:00
891,Canada,North America,564,23251,2023,Ottawa,CAD,English,9984670,2002-06-09 00:00:00
892,Nigeria,Africa,773,13027,2006,Abuja,NGN,English,923769,2002-06-10 00:00:00
893,Germany,Europe,15,23764,2000,Berlin,EUR,German,357022,2002-06-11 00:00:00
894,Canada,North America,238,12981,2006,Ottawa,CAD,English,9984670,2002-06-12 00:00:00
895,UK,Europe,1453,2216,2018,London,GBP,English,243610,2002-06-13 00:00:00
896,Brazil,South America,862,7641,2005,Brasília,BRL,Portuguese,8515767,2002-06-14 00:00:00
897,Canada,North America,458,11661,2010,Ottawa,CAD,English,9984670,2002-06-15 00:00:00
898,France,Europe,53,19798,2004,Paris,EUR,French,551695,2002-06-16 00:00:00
899,Brazil,South America,1163,10995,2019,Brasília,BRL,Portuguese,8515767,2002-06-17 00:00:00
900,Japan,Asia,556,15422,2001,Tokyo,JPY,Japanese,377975,2002-06-18 00:00:00
901,India,Asia,709,14921,2023,New Delhi,INR,Hindi,3287263,2002-06-19 00:00:00
902,UK,Europe,78,13736,2002,London,GBP,English,243610,2002-06-20 00:00:00
903,India,Asia,519,23757,2019,New Delhi,INR,Hindi,3287263,2002-06-21 00:00:00
904,Nigeria,Africa,981,17127,2003,Abuja,NGN,English,923769,2002-06-22 00:00:00
905,India,Asia,498,3959,2014,New Delhi,INR,Hindi,3287263,2002-06-23 00:00:00
906,Nigeria,Africa,543,6436,2016,Abuja,NGN,English,923769,2002-06-24 00:00:00
907,Germany,Europe,237,10366,2012,Berlin,EUR,German,357022,2002-06-25 00:00:00
908,Germany,Europe,76,10676,2016,Berlin,EUR,German,357022,2002-06-26 00:00:00
909,France,Europe,687,7587,2013,Paris,EUR,French,551695,2002-06-27 00:00:00
910,Nigeria,Africa,735,15276,2009,Abuja,NGN,English,923769,2002-06-28 00:00:00
911,Canada,North America,895,20385,2015,Ottawa,CAD,English,9984670,2002-06-29 00:00:00
912,Japan,Asia,994,9740,2007,Tokyo,JPY,Japanese,377975,2002-06-30 00:00:00
913,UK,Europe,335,23929,2015,London,GBP,English,243610,2002-07-01 00:00:00
914,France,Europe,81,16092,2006,Paris,EUR,French,551695,2002-07-02 00:00:00
915,Canada,North America,453,22582,2004,Ottawa,CAD,English,9984670,2002-07-03 00:00:00
916,Canada,North America,1415,18017,2021,Ottawa,CAD,English,9984670,2002-07-04 00:00:00
917,Japan,Asia,92,14897,2022,Tokyo,JPY,Japanese,377975,2002-07-05 00:00:00
918,India,Asia,682,5025,2015,New Delhi,INR,Hindi,3287263,2002-07-06 00:00:00
919,Japan,Asia,601,24751,2004,Tokyo,JPY,Japanese,377975,2002-07-07 00:00:00
920,Nigeria,Africa,275,5091,2021,Abuja,NGN,English,923769,2002-07-08 00:00:00
921,Brazil,South America,354,11687,2002,Brasília,BRL,Portuguese,8515767,2002-07-09 00:00:00
922,China,Asia,91,22798,2008,Beijing,CNY,Mandarin,9596961,2002-07-10 00:00:00
923,UK,Europe,271,2802,2019,London,GBP,English,243610,2002-07-11 00:00:00
924,China,Asia,1489,12717,2015,Beijing,CNY,Mandarin,9596961,2002-07-12 00:00:00
925,Nigeria,Africa,254,4355,2009,Abuja,NGN,English,923769,2002-07-13 00:00:00
926,USA,North America,131,11409,2013,Washington,USD,English,9833520,2002-07-14 00:00:00
927,Nigeria,Africa,1474,24515,2015,Abuja,NGN,English,923769,2002-07-15 00:00:00
928,Japan,Asia,537,6177,2022,Tokyo,JPY,Japanese,377975,2002-07-16 00:00:00
929,Germany,Europe,326,12849,2007,Berlin,EUR,German,357022,2002-07-17 00:00:00
930,China,Asia,1319,7479,2019,Beijing,CNY,Mandarin,9596961,2002-07-18 00:00:00
931,China,Asia,692,17349,2008,Beijing,CNY,Mandarin,9596961,2002-07-19 00:00:00
932,UK,Europe,353,3906,2017,London,GBP,English,243610,2002-07-20 00:00:00
933,Japan,Asia,344,21812,2008,Tokyo,JPY,Japanese,377975,2002-07-21 00:00:00
934,Canada,North America,897,15426,2005,Ottawa,CAD,English,9984670,2002-07-22 00:00:00
935,France,Europe,1093,301,2008,Paris,EUR,French,551695,2002-07-23 00:00:00
936,USA,North America,514,24685,2020,Washington,USD,English,9833520,2002-07-24 00:00:00
937,Germany,Europe,1107,1534,2012,Berlin,EUR,German,357022,2002-07-25 00:00:00
938,Canada,North America,472,21250,2019,Ottawa,CAD,English,9984670,2002-07-26 00:00:00
939,Germany,Europe,366,17902,2019,Berlin,EUR,German,357022,2002-07-27 00:00:00
940,Germany,Europe,501,14007,2020,Berlin,EUR,German,357022,2002-07-28 00:00:00
941,Germany,Europe,363,19473,2015,Berlin,EUR,German,357022,2002-07-29 00:00:00
942,Germany,Europe,1175,4795,2012,Berlin,EUR,German,357022,2002-07-30 00:00:00
943,Brazil,South America,389,21899,2014,Brasília,BRL,Portuguese,8515767,2002-07-31 00:00:00
944,Canada,North America,49,14786,2013,Ottawa,CAD,English,9984670,2002-08-01 00:00:00
945,Nigeria,Africa,1149,17804,2007,Abuja,NGN,English,923769,2002-08-02 00:00:00
946,Japan,Asia,1311,11550,2003,Tokyo,JPY,Japanese,377975,2002-08-03 00:00:00
947,Nigeria,Africa,1197,935,2011,Abuja,NGN,English,923769,2002-08-04 00:00:00
948,Germany,Europe,518,16682,2018,Berlin,EUR,German,357022,2002-08-05 00:00:00
949,Germany,Europe,871,15329,2005,Berlin,EUR,German,357022,2002-08-06 00:00:00
950,France,Europe,186,514,2020,Paris,EUR,French,551695,2002-08-07 00:00:00
951,USA,North America,522,16328,2008,Washington,USD,English,9833520,2002-08-08 00:00:00
952,Japan,Asia,960,10609,2006,Tokyo,JPY,Japanese,377975,2002-08-09 00:00:00
953,France,Europe,1228,7570,2003,Paris,EUR,French,551695,2002-08-10 00:00:00
954,UK,Europe,1410,7481,2008,London,GBP,English,243610,2002-08-11 00:00:00
955,Brazil,South America,1056,16196,2016,Brasília,BRL,Portuguese,8515767,2002-08-12 00:00:00
956,Japan,Asia,199,5903,2003,Tokyo,JPY,Japanese,377975,2002-08-13 00:00:00
957,USA,North America,1095,3018,2015,Washington,USD,English,9833520,2002-08-14 00:00:00
958,Japan,Asia,1004,326,2020,Tokyo,JPY,Japanese,377975,2002-08-15 00:00:00
959,Germany,Europe,885,7028,2016,Berlin,EUR,German,357022,2002-08-16 00:00:00
960,UK,Europe,622,5373,2006,London,GBP,English,243610,2002-08-17 00:00:00
961,India,Asia,885,9676,2017,New Delhi,INR,Hindi,3287263,2002-08-18 00:00:00
962,China,Asia,1259,6250,2015,Beijing,CNY,Mandarin,9596961,2002-08-19 00:00:00
963,UK,Europe,275,17956,2022,London,GBP,English,243610,2002-08-20 00:00:00
964,France,Europe,230,838,2003,Paris,EUR,French,551695,2002-08-21 00:00:00
965,USA,North America,1421,8238,2014,Washington,USD,English,9833520,2002-08-22 00:00:00
966,Nigeria,Africa,553,18489,2021,Abuja,NGN,English,923769,2002-08-23 00:00:00
967,Germany,Europe,946,24479,2012,Berlin,EUR,German,357022,2002-08-24 00:00:00
968,Nigeria,Africa,631,21220,2002,Abuja,NGN,English,923769,2002-08-25 00:00:00
969,Japan,Asia,727,17225,2016,Tokyo,JPY,Japanese,377975,2002-08-26 00:00:00
970,Germany,Europe,22,13039,2021,Berlin,EUR,German,357022,2002-08-27 00:00:00
971,Canada,North America,33,4024,2015,Ottawa,CAD,English,9984670,2002-08-28 00:00:00
972,UK,Europe,293,21208,2008,London,GBP,English,243610,2002-08-29 00:00:00
973,France,Europe,420,13476,2020,Paris,EUR,French,551695,2002-08-30 00:00:00
974,UK,Europe,1038,12424,2021,London,GBP,English,243610,2002-08-31 00:00:00
975,India,Asia,679,6359,2001,New Delhi,INR,Hindi,3287263,2002-09-01 00:00:00
976,China,Asia,461,11872,2015,Beijing,CNY,Mandarin,9596961,2002-09-02 00:00:00
977,China,Asia,1098,9464,2017,Beijing,CNY,Mandarin,9596961,2002-09-03 00:00:00
978,Nigeria,Africa,318,5162,2014,Abuja,NGN,English,923769,2002-09-04 00:00:00
979,China,Asia,299,8585,2021,Beijing,CNY,Mandarin,9596961,2002-09-05 00:00:00
980,Brazil,South America,1040,4298,2020,Brasília,BRL,Portuguese,8515767,2002-09-06 00:00:00
981,India,Asia,719,340,2007,New Delhi,INR,Hindi,3287263,2002-09-07 00:00:00
982,Brazil,South America,461,17110,2001,Brasília,BRL,Portuguese,8515767,2002-09-08 00:00:00
983,India,Asia,1497,18537,2012,New Delhi,INR,Hindi,3287263,2002-09-09 00:00:00
984,Germany,Europe,461,8632,2017,Berlin,EUR,German,357022,2002-09-10 00:00:00
985,Japan,Asia,279,13094,2003,Tokyo,JPY,Japanese,377975,2002-09-11 00:00:00
986,France,Europe,835,1376,2009,Paris,EUR,French,551695,2002-09-12 00:00:00
987,USA,North America,46,7211,2013,Washington,USD,English,9833520,2002-09-13 00:00:00
988,China,Asia,851,16804,2013,Beijing,CNY,Mandarin,9596961,2002-09-14 00:00:00
989,France,Europe,62,7816,2010,Paris,EUR,French,551695,2002-09-15 00:00:00
990,France,Europe,434,18908,2000,Paris,EUR,French,551695,2002-09-16 00:00:00
991,China,Asia,274,22154,2002,Beijing,CNY,Mandarin,9596961,2002-09-17 00:00:00
992,Brazil,South America,1185,16458,2012,Brasília,BRL,Portuguese,8515767,2002-09-18 00:00:00
993,Japan,Asia,1058,17185,2021,Tokyo,JPY,Japanese,377975,2002-09-19 00:00:00
994,Japan,Asia,1314,17167,2012,Tokyo,JPY,Japanese,377975,2002-09-20 00:00:00
995,Nigeria,Africa,58,23403,2012,Abuja,NGN,English,923769,2002-09-21 00:00:00
996,India,Asia,1106,14036,2022,New Delhi,INR,Hindi,3287263,2002-09-22 00:00:00
997,China,Asia,1086,2782,2009,Beijing,CNY,Mandarin,9596961,2002-09-23 00:00:00
998,Japan,Asia,1035,3076,2022,Tokyo,JPY,Japanese,377975,2002-09-24 00:00:00
999,Japan,Asia,291,8372,2000,Tokyo,JPY,Japanese,377975,2002-09-25 00:00:00
1000,Brazil,South America,1258,16991,2016,Brasília,BRL,Portuguese,8515767,2002-09-26 00:00:00
